=== Nix Build Log ===
Started: Sat May 31 11:51:02 AM PDT 2025
Command: nix-build nvidia-hpc-sdk
========================
these 1898 derivations will be built:
  /nix/store/gswrzm4pip4cpxb0m9nw8cw4hh4yz602-gnu-config-2024-01-01.drv
  /nix/store/dn9iizk74xdlbadwxmxms6w09gy1cfwi-update-autotools-gnu-config-scripts-hook.drv
  /nix/store/imlqc32p96369m7v8ba2svs2mjzn3g7i-bootstrap-stage1-stdenv-linux.drv
  /nix/store/g6zay722s9acmiz5ifyxyagay476zdwn-expand-response-params.drv
  /nix/store/avliy2lv5rjxm7878hg2i9vmsk6953x4-bootstrap-stage-xgcc-gcc-wrapper-.drv
  /nix/store/62am74d0bg672lxg2q9b8p13gfiazbjx-bootstrap-stage1-stdenv-linux.drv
  /nix/store/xaprmwa6f8y5i2g8hkill0drljwa47ml-gnu-config-2024-01-01.drv
  /nix/store/y0d8hzrrs310dp029xfl4y337ggbvqa9-update-autotools-gnu-config-scripts-hook.drv
  /nix/store/cw1z5nr1z6sr3qpn55lk53d9r8hxfapv-bootstrap-stage-xgcc-stdenv-linux.drv
  /nix/store/48jri17av5qxv75hqsrxcikk175mibz7-expand-response-params.drv
  /nix/store/ynpip4i09a037a627jgss9qb21k009pa-zlib-1.3.1.drv
  /nix/store/7c5msnf1y0ld2hywps42jj0kklh4v23n-perl-5.40.0.drv
  /nix/store/7dwr758ayda732iw4zj2ks61nfy2jpda-gnum4-1.4.19.drv
  /nix/store/9vnxfk3b64m6wzdz9sxl5h30fpp0b1w8-bison-3.8.2.drv
  /nix/store/sdzv57vrn2lnws8s5a8a7cvyk6mdxzad-bash-5.2p37.drv
  /nix/store/0gyimlgbi882x4y7m259zpfw4b35k10q-texinfo-7.2.drv
  /nix/store/1dwsclx5kw1l13frcg26d0ar84f814hv-libxcrypt-4.4.38.drv
  /nix/store/45bz96x7md3ld47n9xababrdmml514w0-which-2.23.drv
  /nix/store/6f8mqpngm6qmd88kszb180x05nb115r8-gmp-6.3.0.drv
  /nix/store/p4w2h7rjn96v5fhlxjvbyvqpy1spqz4n-gnu-config-2024-01-01.drv
  /nix/store/x7ps71vizilgm3bbvlfzgpsjsc5ajciq-bootstrap-stage-xgcc-stdenv-linux.drv
  /nix/store/sqgxv3l63a1q1nlcyidy68g7rl3066dl-update-autotools-gnu-config-scripts-hook.drv
  /nix/store/ja7f3hiih9fnv0mqqk0hhmd5bddg5mmd-mpfr-4.2.2.drv
  /nix/store/56sp74fcbk8aafjm8pfpfhaq5v5xs5dm-libmpc-1.3.1.drv
  /nix/store/vqkcry46rbr6hcy4r80bz3pf1svav3qh-perl-5.40.0.drv
  /nix/store/y8j8pyrls1wnfbjccwgx7bf9hja18k9a-gettext-0.22.5.drv
  /nix/store/fxzmszm69g8lsmvjryvir4qf8ddi3ivj-perl5.40.0-gettext-1.07.drv
  /nix/store/3g2cgyiqzi9hbqlj18jqm0nqs5fpq0ad-help2man-1.49.3.drv
  /nix/store/b3ia0vvi4pb08km160zgk35m3lfnf519-autoconf-2.72.drv
  /nix/store/rj1mhaqlsh3rc1691j129hqrjxif672d-automake-1.16.5.drv
  /nix/store/9hnhisgnq44drafdvmjmg93y51w5iw0q-file-5.46.drv
  /nix/store/yfc75lvjvwf0mkijd00683hvi2faxk65-bash-5.2p37.drv
  /nix/store/whqjqrdbnxgddmj9vdjdzy33ww3czk9p-libtool-2.5.4.drv
  /nix/store/qfzp011y2nlzys6nv2x70bfxdhswfqgb-autoreconf-hook.drv
  /nix/store/61kq135r8y56gzxkizj7zpad4k6pp0k9-flex-2.6.4.drv
  /nix/store/71lkp6ncyzz7w5dm0971jgw9kw317b7s-patchelf-0.15.0.drv
  /nix/store/a5z45s864h73h0v07a91i4iflnsqnn57-nuke-references.drv
  /nix/store/rymk12szcd8qvbxlf6j5fjjc5gnl8zkp-isl-0.20.drv
  /nix/store/75hf4v0xcz335nsqsm3sp86v3ry9f1sz-xgcc-14.2.1.20250322.drv
  /nix/store/v4ksh4m7mw5vix1q1dys5852bc2y86sh-binutils-2.44.drv
  /nix/store/zz2ikh2fwmvb0n8a98skl92jk65dhm6n-binutils-wrapper-2.44.drv
  /nix/store/mg6zmcih34w79gwl9sc9a9nkmbyswi9f-bootstrap-stage2-gcc-wrapper-14.2.1.20250322.drv
  /nix/store/rz3w735bq46k0hnbasfzn3mm72vmy4z3-bootstrap-stage2-stdenv-linux.drv
  /nix/store/1hpyd7040ydc0qjisnf7pwq3lcnlx2hr-patchelf-0.15.0.drv
  /nix/store/k52ds6msl5z5z0fr4mmcp9ydnrn8dwn3-bootstrap-stage2-stdenv-linux.drv
  /nix/store/v2f9848iz3yrdbgslp9fp0kfy14gy6g6-gnu-config-2024-01-01.drv
  /nix/store/grrgvjywz72s0nwi3hixksy3vklcp8y4-update-autotools-gnu-config-scripts-hook.drv
  /nix/store/bkp2hw77ckp6kfr1hka4va7mcx2fbij2-bootstrap-stage3-stdenv-linux.drv
  /nix/store/g36cn1w9079r0rdlswy9zql6blm6imfy-nuke-references.drv
  /nix/store/6h6h5dki6fvpv98k8f1mz00gyd1mzycp-bootstrap-stage0-glibc-iconv-bootstrapFiles.drv
  /nix/store/z8l78l328mcrlgnifhpfhnz6d3zw4ss8-libunistring-1.3.drv
  /nix/store/abzrbppj0w4iq72d7gy4gbalhd4gb9n0-libidn2-2.3.8.drv
  /nix/store/0zlqlylvw6dg8n7bk1af743d8n9nviqp-python-setup-hook.sh.drv
  /nix/store/1cx5hb968mx58w92r8iwhb455svj0vg2-zlib-1.3.1.drv
  /nix/store/29wq5n7ls7cc1i6d5a9lnlrmwbi1x1dc-pkg-config-0.29.2.drv
  /nix/store/804yvfkhv81hrmi4x5yl42m14yj1vcya-pkg-config-wrapper-0.29.2.drv
  /nix/store/f5ha895qs0w4g9a21aa655r1lgk9mhnv-xz-5.8.1.drv
  /nix/store/a37fv4qh0zknz5zrnxj2ba9wkmqfia1z-autoconf-archive-2024.10.16.drv
  /nix/store/mpc64l5qhziqk192l5haczn4px2wvcl5-bash-5.2p37.drv
  /nix/store/mrcxwsdrk1xyav6sg357sii7009rsfij-file-5.46.drv
  /nix/store/3aikv9bsldrnyrqvc5v3l5cnmz3vbc45-libtool-2.5.4.drv
  /nix/store/6ckcpzd92i4gcan7y1dd3mjdfbkgk1g3-autoconf-2.72.drv
  /nix/store/w22p3angicsffi4lxl8ad2z7z1f8nfbp-automake-1.16.5.drv
  /nix/store/sivdpagw2ing6b0ql08p605kz9zdrl9m-autoreconf-hook.drv
  /nix/store/igiska6n0xxkrp3j34n76cwq0jvkqli0-mpdecimal-4.0.0.drv
  /nix/store/iysa2s06pnnf7i9i3kvmniby0j4743g3-libffi-3.4.8.drv
  /nix/store/mrv1f1w3jp87ns1fpxs19klkfsh4cahh-bzip2-1.0.8.drv
  /nix/store/v73jd9s792gfqfnalfs9n94lfc48dfr2-libxcrypt-4.4.38.drv
  /nix/store/za0h62qyz9v6f85ibqylwh1jd6hdc8yw-expat-2.7.1.drv
  /nix/store/m7yaw3xgzxmn3m0km69p0fqamblkfpap-python3-minimal-3.12.10.drv
  /nix/store/w5rdrrwp6m5vg4yjkp82q2w8blymk2h2-linux-headers-6.12.7.drv
  /nix/store/1la0k1kimn1nmi91s0mq6kmmr55hbpb9-glibc-2.40-66.drv
  /nix/store/72qb5hfxjasqrlbn2ivnd1zsm07ppyq6-expand-response-params.drv
  /nix/store/72x8dlsfnhw7rc0sf8w0mmdab8dla7fs-binutils-patchelfed-ld-2.44.drv
  /nix/store/m8cdmnzvwfaxlh3qn9xgxspbj54zs8sw-binutils-patchelfed-ld-wrapper-2.44.drv
  /nix/store/brmq7kk8w49kxv4ar7fcl4dadqsvvh6l-bootstrap-stage3-gcc-wrapper-14.2.1.20250322.drv
  /nix/store/8dkas1dsmjvadv6wi01p8d89bh9x115n-bootstrap-stage3-stdenv-linux.drv
  /nix/store/qlrm8jy0rpms3wr0vd8d28acvh7p8k9w-gnu-config-2024-01-01.drv
  /nix/store/387mvzlkwa0pa5wajnf45dgj1bp2k44j-update-autotools-gnu-config-scripts-hook.drv
  /nix/store/hbadm7yxmld5vh6ya7bqd9zmy45cqvqy-xz-5.8.1.drv
  /nix/store/rfw30cjfnrdxn13zaa8j3pd2zkrpfcml-expand-response-params.drv
  /nix/store/3vxxq8da4cmvyylbxkjfy5w0i4d7xix7-bash-5.2p37.drv
  /nix/store/h4q7j1jydn5725kyp9rck9i2ya2wnpva-zlib-1.3.1.drv
  /nix/store/5il3vld2qddgn4h5izpn2xrdlw6fkq48-perl-5.40.0.drv
  /nix/store/hw21f704pawwr4i28zy002fgl8dz582m-gettext-0.22.5.drv
  /nix/store/aki2k2ypjj40vvds1m8pxjxws1v09di5-perl5.40.0-gettext-1.07.drv
  /nix/store/9br3lym03l489s2zkx7djrjj0yir92a5-help2man-1.49.3.drv
  /nix/store/svjfbm8la6whwqx8i2bsbib7mbyd7rmq-texinfo-7.2.drv
  /nix/store/jkj73mzx2rb3gdlyryqv7ndfl7022mx7-autoconf-2.72.drv
  /nix/store/gmmsldf1fs3liik55gwnnh3ikcpkfgj8-automake-1.16.5.drv
  /nix/store/36jf2yzz5d5gqpif77lfdk9vwdqkj1gs-file-5.46.drv
  /nix/store/lgia7c34hnyxkwzd3zkzhh91x8iwxihm-libtool-2.5.4.drv
  /nix/store/sl70g8cb2m2arvvp7a3v5z66gwcksa2c-autoreconf-hook.drv
  /nix/store/6274b220jfmjf2dx1xfg500c6v514vk7-flex-2.6.4.drv
  /nix/store/8iq6fqw0q8rk55qwnsbhw4l0x47zjvw6-gmp-6.3.0.drv
  /nix/store/gklqd3b8a9r4cvl1v76kma97acvgrwqs-nuke-references.drv
  /nix/store/np5iipmj223qpxh08dbhs8q3wh6iz27g-isl-0.20.drv
  /nix/store/x2lj4p081d6plaqyzhazvghzlyvc402m-mpfr-4.2.2.drv
  /nix/store/yw25hlclz5rz6m2wpnp4781jwmqm90kl-libmpc-1.3.1.drv
  /nix/store/xpp9qlmzbalh9lc3gwxrm5yr33fbdvw7-gcc-14.2.1.20250322.drv
  /nix/store/m5nj2r1hpmdiz6bf7fzaqw3sj6sc369q-bootstrap-stage4-gcc-wrapper-14.2.1.20250322.drv
  /nix/store/nsq6nnv33qd8xs1b8b81m9sd9nzkc0sy-bootstrap-stage4-stdenv-linux.drv
  /nix/store/bngzw8jw4isdqasvw5r1wc00lp564zvn-gnu-config-2024-01-01.drv
  /nix/store/j5lpvg9jlm5fqmw19addmh3pxglxlbix-bootstrap-stage4-stdenv-linux.drv
  /nix/store/b7pwmr7r71lw23ya64cl6jq9hr5y5z3l-update-autotools-gnu-config-scripts-hook.drv
  /nix/store/bjrvmag0r9bvf33vdpjsk19dka5xy2g7-gmp-with-cxx-6.3.0.drv
  /nix/store/lz32gfss8rbxcjgjm3a3v94i1mlq7ffa-attr-2.5.2.drv
  /nix/store/i00fcxixj7jhq9hbbi37zrf8wfn5dvx8-acl-2.3.2.drv
  /nix/store/jk9a8zndvchh9dmv6p1bjvyrkdj48l4k-xz-5.8.1.drv
  /nix/store/g363ngqmhgay82q72pm27vzjgdaaj3h6-coreutils-9.7.drv
  /nix/store/0g9dhysglhjxdsic8rja9phcal20zapj-diffutils-3.12.drv
  /nix/store/1jxs91gfkzp1vsnf452sv7ns7va9lgd1-file-5.46.drv
  /nix/store/4xs08d4qvmwb7fsblh6fkjq2gwwy28px-binutils-2.44.drv
  /nix/store/amjn779m4hsr5pv5zx9nnqyx2dzz9wp2-die-hook.drv
  /nix/store/y206a5qwxmb3fnhndj3fy5jgfkv3fwq5-bash-5.2p37.drv
  /nix/store/ff1ilhzyj6w8iyzmj4fza35b3c0pnnq6-make-shell-wrapper-hook.drv
  /nix/store/664pnmpp58wlmn1mwj0m3lamw80slmli-gzip-1.14.drv
  /nix/store/5xvsw5bpd6aw6qkpihvm2vy318h1mzmg-glibc-iconv-2.40.drv
  /nix/store/2bgchgmzmwxbr6pnhhhphsq3l7xqqlhf-locales-setup-hook.sh.drv
  /nix/store/0l22x47jbfcj8xd2zr1cy4lw42c1ms5i-libffi-3.4.8.drv
  /nix/store/9pyvgf4knahxsyl58jdrrqgayvp5cvq0-autoconf-2.72.drv
  /nix/store/nkwz99b8ci5s4lix66nrxxxb90h155fx-libtool-2.5.4.drv
  /nix/store/ypmk53kkg0vsn2dyirqdfp7ifw1249i1-automake-1.16.5.drv
  /nix/store/v6f0wkvb068fl8c9cnrcqk886pkcvijq-autoreconf-hook.drv
  /nix/store/1w3n9phymjksr9mm1wi5f110nz0037x5-mpdecimal-4.0.0.drv
  /nix/store/cmpipw5j5wzc3alav8rn10rcpvssfh0l-libxcrypt-4.4.38.drv
  /nix/store/xwk7qq770imc63ksq4k0fm9liz7bm7m6-pkg-config-0.29.2.drv
  /nix/store/dpc4q81a9f4sas87zcqaxkp6b00nm6lj-pkg-config-wrapper-0.29.2.drv
  /nix/store/i3f219h1kn2mcmf36886k1annapjlf53-bzip2-1.0.8.drv
  /nix/store/i96sfr50ndw0ddmiyq5kapinkjk0822c-python-setup-hook.sh.drv
  /nix/store/j868d1g7yw63jx7j5k6ny08ma3r5s48b-autoconf-archive-2024.10.16.drv
  /nix/store/jn33rzyzwjbnx9g9c65rx40hpaf46pd8-expat-2.7.1.drv
  /nix/store/n8xa68px1c3r5x0f77jv7578w6834k2b-nuke-references.drv
  /nix/store/nq3mwv7yc0lnx0v4ikgvw4xz8vz15vss-python3-minimal-3.12.10.drv
  /nix/store/jjvybnb7qcajzn3nihzc1wc0bjvqi2wy-glibc-locales-2.40-66.drv
  /nix/store/wsc3xbpsblrf6v6l2rf2f2mn2kcqh1hl-pcre2-10.44.drv
  /nix/store/69af54qjmg4a0wm64yp77m5w4aac2lyb-gnugrep-3.11.drv
  /nix/store/8mhsnfxwm807zdjai0qm5n6mdpiq51n3-gnumake-4.4.1.drv
  /nix/store/br6h35r7h53j90bl2566s6yvffsx3jhb-patchelf-0.15.0.drv
  /nix/store/kly2cri8sxnjc0k5p1s5y2a8yq0wp2lq-binutils-wrapper-2.44.drv
  /nix/store/d1pklc9p3k98vpz4z5kr8kpfawif51bi-gcc-wrapper-14.2.1.20250322.drv
  /nix/store/dhqfkawcfdy19xn5qr6al17xwj3va43f-gnutar-1.35.drv
  /nix/store/6812pwkkfqscjcvyq630n8waspzqxrda-lzip-1.25.drv
  /nix/store/jw5i2db27fz22jxqjls5sq7fw6my98sm-ed-1.21.1.drv
  /nix/store/kfh0kxvg4v0mx1j8kbiz2kizk7irn634-findutils-4.10.0.drv
  /nix/store/mxfz6fmmknqdnq9si7nhzmr01fgixn28-gnused-4.9.drv
  /nix/store/vskrqr2yysap2ln61w92gb4i0gaysczg-patch-2.7.6.drv
  /nix/store/wr59wk5vlhvl51rspk5lkpqk981cfm7i-gawk-5.3.2.drv
  /nix/store/6y5x2hxykzd2kmawix6615159x6w9pmy-stdenv-linux.drv
  /nix/store/mmxwdag6z24z3nmhakcxk1i5aal6fbbq-mirrors-list.drv
  /nix/store/2kjgxdbk1r5klp3ilfhfcp7swmviby6r-stdenv-linux.drv
  /nix/store/gs0fb3ah99nmzb14bhlcmhvvnr5nadyh-perl-5.40.0.drv
  /nix/store/l0xiz5p1lhqagqh3f78sp8rla7xdl57d-libxcrypt-4.4.38.drv
  /nix/store/c6y4i7w7a8dlvr4s0v999isnh9bf1nim-perl-5.40.0.drv
  /nix/store/vwjkv076g5ls8f3qaj0yk3sqp3jpifhk-die-hook.drv
  /nix/store/c992x4y5wwcnjyjx0z4v4hqyb2qxxpmy-make-binary-wrapper-hook.drv
  /nix/store/pdgp10i7npwxz1anhv412y1zfj8ppy06-coreutils-9.7.drv
  /nix/store/1avjz582xgkvs5fk4b2lcg911ziq5srz-openssl-3.4.1.drv
  /nix/store/lvz108nvsx6z2in63lccwfx3003sdabs-glibc-iconv-2.40.drv
  /nix/store/dsizhaq89ba7rnp9i0i9x6iabkp8xcqb-pkg-config-0.29.2.drv
  /nix/store/glnab0p5b60a5lkr6mpzy74xgzwzjl57-pkg-config-wrapper-0.29.2.drv
  /nix/store/45kidg5gi0i4spf578bi8ljf9s3kyn67-nghttp2-1.65.0.drv
  /nix/store/a5l5wzhrgdnkjj9fr35jkgck9wayqfd1-libssh2-1.11.1.drv
  /nix/store/71hyhh79bgx5dqj9qp5v8w99hl78cqyj-keyutils-1.6.3.drv
  /nix/store/r9iazkwzglsl5wc5ibzhqas4bpkwlpk0-byacc-20241231.drv
  /nix/store/w7l4vgy9bc8dlcc0zcqk1hx5m3bifj8q-krb5-1.21.3.drv
  /nix/store/nk2lw955q8dmfvgs6xx844qyglm70p94-curl-8.13.0.drv
  /nix/store/0054wv733lhlczd0jbpk706xy3phqv8j-tasty-smallcheck-0.8.2-r1.cabal.drv
  /nix/store/czb9js44yichpqm2a9ldfw8sry3lwfnm-gnu-config-2024-01-01.drv
  /nix/store/dp1c899ryyxag4mn9rl8zry58y9ja25g-update-autotools-gnu-config-scripts-hook.drv
  /nix/store/mcscyksflp9xg6xzisxkchrqazz4cfhn-dejagnu-1.6.3.tar.gz.drv
  /nix/store/qxcclzagfx5jp6pqf20gl9kvskxfds6y-make-shell-wrapper-hook.drv
  /nix/store/39kp02s160kxbbgf100jdz197dzfkv82-tcl-package-hook.drv
  /nix/store/dl8m9ndm7f6zw48fxzvdbgw6z84191h9-tcl8.6.15-src.tar.gz.drv
  /nix/store/wc7rjw71yqqafvgh8jpcal6r633mpql2-tzdata2025b.tar.gz.drv
  /nix/store/z6a32yj1kvwgwjxibbiia3lpgb9y9194-tzcode2025b.tar.gz.drv
  /nix/store/l7vmhl8jq5b3d3v9qgxikbg4x6dv4kan-tzdata-2025b.drv
  /nix/store/4h3rx1ppgqy95vr2inj7gdl792prxjf7-tcl-8.6.15.drv
  /nix/store/6amh49ga8vjrn25hnvxkyw8nqxmw6h9h-expect5.45.4.tar.gz.drv
  /nix/store/5119q3q77cw0dk447c4x4b8v2z82qv0f-gnum4-1.4.19.drv
  /nix/store/phfx9gj8rbqky0zihl2r7gd7ni2c52y5-perl-5.40.0.tar.gz.drv
  /nix/store/akhf4xrrfa6knjhqska4rrv437l4wm7q-perl-5.40.0.drv
  /nix/store/xvn2lkkx9vn9pih9d2pscka8gfv33av2-texinfo-7.2.drv
  /nix/store/6z6kwwwydy81i0d452n5rmvx76a3q75y-autoconf-2.72.drv
  /nix/store/28msncmsk6a1id3ddj597scijmsa581m-automake-1.16.5.drv
  /nix/store/klsrnx6mv46hhkd2p2bfkdsvav5jfhgd-gettext-0.22.5.tar.gz.drv
  /nix/store/jqhrivav6n73xry3kazg8mr27fy7g4l8-gettext-0.22.5.drv
  /nix/store/hx00pl1jdilrd54a254gsf0j7zc84y9j-file-5.46.drv
  /nix/store/w3s9xv3zy62dxwlh9ag8ilspm47i7yz7-libtool-2.5.4.drv
  /nix/store/bbagl25gja1qqixisnqqgmkhd1lcb9gp-autoreconf-hook.drv
  /nix/store/g50d51dxmxafkg5ij1v681dd7097az04-fix-build-time-run-tcl.patch.drv
  /nix/store/cx28bs2lbfy4lp4vcmghvg52gs6md5p3-patchutils-0.3.3.tar.xz.drv
  /nix/store/kilx31l51bd20b21jf0vsy30i5rg38xd-patchutils-0.3.3.drv
  /nix/store/knr686kyfl2fgnfq5h2j5aip9vj4d6qf-0001-Add-prototype-to-function-definitions.patch.drv
  /nix/store/rh4j6ifwcrsigmy9g4j6xh2spn6cv7gw-expect-configure-c99.patch.drv
  /nix/store/wwszzmjym262g4165x06nplb2jrh2ax9-expect-5.45.4.drv
  /nix/store/fvznwa2p837l2pmj6mz6990c7d5ccp68-dejagnu-1.6.3.drv
  /nix/store/2mjy69ag6d70vcn18yj3xm72jzn3sgfv-libffi-3.4.8.drv
  /nix/store/1vd36m6lax0rrf07kbkdhg74i0jsgamn-06-initialize-the-symlink-flag.patch.drv
  /nix/store/2jsl98fxy3k6qjhsq0x3y0z3vq87icq5-CVE-2019-13232-2.patch.drv
  /nix/store/7vi8zs6gcc2slwqc5mlgcddvc466kvbs-unzip60.tar.gz.drv
  /nix/store/akfr0qwkghj4p4476vm9q95j3n9n9rnj-28-cve-2022-0529-and-cve-2022-0530.patch.drv
  /nix/store/gwj4cs24k5lp9a9rlfibpc2lc0lr132s-CVE-2019-13232-3.patch.drv
  /nix/store/pvwk0qg1md6vi34qglkic0qrddsiapfz-CVE-2019-13232-1.patch.drv
  /nix/store/qphd1kqmkxzwcsr7p2gg6bgxalk6pidh-CVE-2021-4217.patch.drv
  /nix/store/3574h2wnid93fynyp11lx3bw24haj2jx-unzip-6.0.drv
  /nix/store/3ckni666wlbz59hx62g13gn7kmln7yhk-sqlite-autoconf-3480000.tar.gz.drv
  /nix/store/847p9k5ygcxgplklyq12z9wbsyiz5cir-sqlite-doc-3480000.zip.drv
  /nix/store/37xgglpad7jz9kys73iiylbkywc4a2nv-sqlite-3.48.0.drv
  /nix/store/lcpgnhn7fhisrc9i3pwblzhnf8xwv32j-libcap-ng-0.8.5.tar.gz.drv
  /nix/store/aa9hckdf3bpj13pfp84rsvlq488y5388-libcap-ng-0.8.5.drv
  /nix/store/hnnzzpx28wyjvw1947i3yccnbz0jl283-pkg-config-0.29.2.drv
  /nix/store/izm3440xw5clz7nvz39n91y4kn3pdvzg-pkg-config-wrapper-0.29.2.drv
  /nix/store/n0fv5gdg2j61ixmagfdzf1xy55f3kna8-install-shell-files.drv
  /nix/store/wpx583pcmff8fkrgv27bk67n46bwmnql-util-linux-2.41.tar.xz.drv
  /nix/store/4axnd9m12m2xn40c7lbn3xh4l0lj1j84-util-linux-minimal-2.41.drv
  /nix/store/6rh7667d2ar34i8mry055yz566cgli3h-mpdecimal-4.0.0.drv
  /nix/store/hzzwscs13if6srxhnz3zk41fhbc9yqs2-gdbm-1.25.tar.gz.drv
  /nix/store/9mv0l8hc02fax2lijv4npim0nba2bv7n-gdbm-1.25.drv
  /nix/store/c9hjija8jr1lk2zrsvp273ciq0gpn3ji-expat-2.7.1.drv
  /nix/store/fjzzprpp06kgigapjbjfd0rm9andxjis-openssl-3.4.1.tar.gz.drv
  /nix/store/d4g5fg2rhy238gbxfb4d1j58yhipmla0-openssl-3.4.1.drv
  /nix/store/kc0m3jmfx5cc6khcqjw7577v0x4dl2mr-nuke-references.drv
  /nix/store/hqz2glnlwgp9n43splys3dwsll56r6ws-mailcap-2.1.54.tar.xz.drv
  /nix/store/n59g7pjzl92c7r20hgx9nxbz13w017xq-mailcap-2.1.54.drv
  /nix/store/3xfg80qp4wadylawgqclns6axwifijas-readline82-004.drv
  /nix/store/4ys82jq3g83zprzc137w59f9lgn1ddz6-readline82-008.drv
  /nix/store/6n6g1yqbsrg7nx8zpn0s48x0y3imqfzq-readline-8.2.tar.gz.drv
  /nix/store/jk2n5wnrpl6bkkl23azclyqpcgznf9i7-readline82-012.drv
  /nix/store/lqc64087zw1p332niqcrx3mls0pzmp9s-readline82-007.drv
  /nix/store/nb3rls9iq4hkj0i6xszdd8c50ajg8707-readline82-003.drv
  /nix/store/nh02cyz3kv27qlkrssf68mpwg19as6gy-readline82-005.drv
  /nix/store/vdizd2brha8xnl8kykqadcwfmsxqdr9i-readline82-009.drv
  /nix/store/w1bn5pn1hj7ixbiz5g7k8n6ckxic0428-readline82-010.drv
  /nix/store/wdqlli6ph0avijmcw10kp0qsbglxzm17-readline82-006.drv
  /nix/store/wdxm6khz3134h7brlmbblgqbifv187m6-readline82-001.drv
  /nix/store/wz7c8nn7sh30v3hsr5lhli1asp9vivb4-readline82-011.drv
  /nix/store/rbc4r2sp4zkpmiq8abf15pgsww04n9kk-ncurses-6.5.tar.gz.drv
  /nix/store/x5jg1y2j0h194ihiibis6yx9r6d8qmcm-ncurses-6.5.drv
  /nix/store/yjv5vv766w4x315w7ka350lii0b8az4z-readline82-002.drv
  /nix/store/z1ppssp5wqad9bliq37p9a19vmfmm09v-readline82-013.drv
  /nix/store/r2my41hv3fcpb1miibnqivsci42mmwq9-readline-8.2p13.drv
  /nix/store/swkbvy9pv3xq1djr74l4waa1y6mv7j4s-Python-3.12.10.tar.xz.drv
  /nix/store/wh1db79y0fpng4f1nhr9q166rgjd8n78-python-setup-hook.sh.drv
  /nix/store/yc1vxlxvj3q64bwvkai969js8vid5m4m-autoconf-archive-2024.10.16.drv
  /nix/store/11zrs5q5xx77krkhnan5abg3xld3a46h-python3-3.12.10.drv
  /nix/store/1lzbbbj4b8zfr6l2v1050gj7mxahazxk-find-xml-catalogs-hook.drv
  /nix/store/4mcn2123rb5mmiw3xv4s7zf7dqml3m3m-libxml2-2.13.8.tar.xz.drv
  /nix/store/dhlbdh8kiqqq1qyc4fg4cc5dqx6ll2sb-libxml2-2.13.8.drv
  /nix/store/ms4ljwsiygn6kzgi9wrnxcrqgnzh6fyg-libxslt-1.1.43.tar.xz.drv
  /nix/store/4xx9qnmzrph1kb2wjhj48givi2aydjd0-libxslt-1.1.43.drv
  /nix/store/iic0awlny3dfz0q5gi60hw362arpz150-source.drv
  /nix/store/1dqfr6q7rp74hbp3dsnr2iqbxvfxiki5-re2c-4.1.drv
  /nix/store/3njly55j4m3bhjw9gnq26pznrd0y9m4m-wrap-python-hook.drv
  /nix/store/71ga2zrh8mkymbwxkb73lv20qy91s5bj-python-remove-bin-bytecode-hook.drv
  /nix/store/7frcm7zand49mz549qc7cjy7g426sf6j-python-output-dist-hook.drv
  /nix/store/090l2s870sp3xdklpk1bv7awy7k7gf17-docbook-xsl-1.79.2.tar.bz2.drv
  /nix/store/aygl6m96d89238f6j8ir9nfhaxmpf6sg-07631601e6602bc49b8eac3aab9d2b35968d3e7a.patch.drv
  /nix/store/jk7cany14g2sjb6zwj26pxqc1pzzd4cm-catalog-legacy-uris.patch.drv
  /nix/store/sfyxrvymay6a7mszf1ykilsv0kfdws0v-docbook-style-xsl-non-recursive-string-subst.patch.drv
  /nix/store/8ha4y0l9fj4p7f99b4asbxgypsa2bkba-docbook-xsl-ns-1.79.2.drv
  /nix/store/c28n8yk4xdixj2az5k9rf505xzdl2ai5-packaging-24.2.tar.gz.drv
  /nix/store/kq20d7v1x87hrnr2gwr46avv59ikwnhx-source.drv
  /nix/store/ghi3izkyiif8sd2bjr2d1grj3ppabz86-python3.12-bootstrap-flit-core-3.12.0.drv
  /nix/store/sgdbap2n9wim906klk7wmxnrc0j0nsid-source.drv
  /nix/store/min5l57a07n0f365v1z7f1n26hy3hzfp-python3.12-bootstrap-installer-0.7.0.drv
  /nix/store/yk10hxv9sgf5hhckmwf53rsjajgv49bq-python3.12-bootstrap-packaging-24.2.drv
  /nix/store/cdmcch8c9pkml32wfrmr4qwfplm2japi-python-runtime-deps-check-hook.sh.drv
  /nix/store/f242lwma34vx6w26g3kh51imp6lv3c75-ensure-newer-sources-hook.sh.drv
  /nix/store/h05c9jm9m9mhvbrka8xcs8x591b6q1g0-ensure-newer-sources-hook.drv
  /nix/store/3z6lwzxmrvhlh5q3jxjfnda2mkxyb1vn-python3.12-bootstrap-packaging-24.2.drv
  /nix/store/1ghazw5fsdsjyiazmnryk8pg2y9hg2lw-source.drv
  /nix/store/5a8rxmq68h3z7swx0f7rsxgyqasj5py9-python3.12-bootstrap-tomli-2.2.1.drv
  /nix/store/1wfv79571pgh3v0r9k24aj3inll8qc1j-pyproject_hooks-1.2.0.tar.gz.drv
  /nix/store/m6xd0rjrvmrf7lgkcpw87jc42jwiw73m-python3.12-bootstrap-pyproject-hooks-1.2.0.drv
  /nix/store/pb7h5llghzwm8xf2mahk1l9l6kfsk3qb-source.drv
  /nix/store/yicqv1zdr4djv8lcp73zhdg3p8xy3brg-python3.12-bootstrap-build-1.2.2.post1.drv
  /nix/store/jsmfyxq75dy4w1ppnc7mslg0a7q4sfg7-pypa-build-hook.sh.drv
  /nix/store/l2grgr134f2lgv77l3492b0fz7vkng3d-python-namespaces-hook.sh.drv
  /nix/store/l38xm8bi8v8kp8z20cd41xyz5s31hlv8-pypa-install-hook.drv
  /nix/store/v1b632rwad202147r7fzx0pgdg08rr4v-python-imports-check-hook.sh.drv
  /nix/store/w46k9vr19bbz7sx74x9hkfqwbwi14xmm-python-remove-tests-dir-hook.drv
  /nix/store/wyyhiqvz7djwvwb5f49fi8g2cdyxscrc-python3.12-flit-core-3.12.0.drv
  /nix/store/88wv6gi5836g73assjk3nhjf7dfwiinw-python3.12-installer-0.7.0.drv
  /nix/store/dg7i2yhzynq9yz789r70fbawxyb8swrl-pypa-install-hook.drv
  /nix/store/sifsc9mkvnr3gksvyrdjfdxnya5nxpiz-python3.12-packaging-24.2.drv
  /nix/store/f8a84ywksvphq005z7c1khg4lil2vfi3-python-runtime-deps-check-hook.sh.drv
  /nix/store/2h7yll48a10zmw2948h53idv59lnm7cc-docbook-xsl-nons-1.79.2.tar.bz2.drv
  /nix/store/2yk0rsh4y60zl2rbxc5x9xzxji42rnya-catalog-legacy-uris.patch.drv
  /nix/store/ica63gl0m277zm3xnxav77g9cn8rnqgq-docbook-xsl-nons-1.79.2.drv
  /nix/store/lac5zbzbzhshry9b3s20ifmxsbgy2w92-python-catch-conflicts-hook.drv
  /nix/store/89pll64jb8i0ic4apf1mq95nqjy3y45r-source.drv
  /nix/store/xcclz90wp2qvnnii5bgkv68dgrzdy583-python3.12-pyproject-hooks-1.2.0.drv
  /nix/store/142nv73jln6kzf8q5ji4vm3759vg12i4-python3.12-build-1.2.2.post1.drv
  /nix/store/fs0d92xs9lgrm2y4rsn2ag1h73yj2w1d-source.drv
  /nix/store/dl6ax62hcpnirkmzfg6z96jvqd2s9vym-python3.12-wheel-0.45.1.drv
  /nix/store/wpja9vhmsy05ig5y5r05x8gqz04h3cyr-pypa-build-hook.sh.drv
  /nix/store/nhcjj6cji5g5sb7svyig5vrg8zqs4wnc-python3.12-setuptools-78.1.0.drv
  /nix/store/nm3zi41bhgdqy2pxdndswnf758kqsgn2-source.drv
  /nix/store/8569yv1xa8h89b0rrsp5g84kj5sgvska-pytest-mock-3.14.0.tar.gz.drv
  /nix/store/39bxbwq59xrxyp7f5lji8zh71sxqiygg-source.drv
  /nix/store/1qhcx7hxmzvkrxpvhrb0bph2yjz9dni0-pytest-hook.drv
  /nix/store/cw7820i5p5yd84g6sds8q36xw57hdyhc-pytest-8.3.5.tar.gz.drv
  /nix/store/8zl3xvypdkasvypghvcm834p7mwjwhmf-source.drv
  /nix/store/fv97hm0dln4s8bj84b2vrk70vd5y438b-source.drv
  /nix/store/spb8wpmazbmm1las9yn81wskbvqgdp38-python3.12-typing-extensions-4.13.2.drv
  /nix/store/v2639b4j6w0mxgn2lx3sblz06agy7iqa-setuptools_scm-8.2.0.tar.gz.drv
  /nix/store/smlpq4l81n2qaqwdwgvw2vm4k0za3yqp-python3.12-setuptools-scm-8.2.0.drv
  /nix/store/hbmnvs73cq0bnjppn77x6p0vda6v1i2b-python3.12-pluggy-1.5.0.drv
  /nix/store/4gnzxmhxqk1n93zllnd93zmc1w479qqx-iniconfig-2.1.0.tar.gz.drv
  /nix/store/dbs3c2xqnfzcq3grzi177wqby92pki97-version.patch.drv
  /nix/store/3ngs2w3kdjyhrk4yvpls63dc37xa6f71-trove_classifiers-2025.3.19.19.tar.gz.drv
  /nix/store/jxk0g5v30sln6mln0gb1b31agrilrdx6-source.drv
  /nix/store/aqn6vzvbad9xcvbr9bk8v6hxaxpdi15r-python3.12-calver-2025.04.01.drv
  /nix/store/08cab2bcnah97cyd7zyfs5907lgdbxlb-python3.12-trove-classifiers-2025.3.19.19.drv
  /nix/store/1qxnkj9bdirk8bzqnfdrsmfyv01anyvf-hatchling-1.27.0.tar.gz.drv
  /nix/store/lyndrswz28m06wqws4d28yyw74q160hz-unittest-check-hook.drv
  /nix/store/z7k7bhmqgrsijbapmhrzscf11al1lqch-pathspec-0.12.1.tar.gz.drv
  /nix/store/6577r5waxf4dprcjfd7nwgf8c41b4ch3-python3.12-pathspec-0.12.1.drv
  /nix/store/yhy4x16sb2f58iafga5y3drrp1hmjic2-editables-0.5.tar.gz.drv
  /nix/store/wcscknbp8yl8399s1845liyp6hfh4xrd-python3.12-editables-0.5.drv
  /nix/store/i9n7rad7lh4dpn7ps000yifzbi95a05x-python3.12-hatchling-1.27.0.drv
  /nix/store/ypdcm5db4h29zyqizm5l8c6ir9zn5hv5-python3.12-iniconfig-2.1.0.drv
  /nix/store/pwbdp290bjg2yayrmb8qjwwhgz416sfa-python3.12-pytest-8.3.5.drv
  /nix/store/9z4jai2jl5djnglq65vcic7yh286j4xb-python3.12-pytest-asyncio-0.26.0.drv
  /nix/store/ssxf3nmr6w9z1rbkxaa8ai6jgqsixrhx-pytest-check-hook.drv
  /nix/store/pdggfs4zajnmfbfq3nzri3xqrbnzaaw3-python3.12-pytest-mock-3.14.0.drv
  /nix/store/5mjnlaswdgcby95pj7c1ym0q2kzs7za2-docbook-xml-4.5.zip.drv
  /nix/store/v4gbfqvs5ja55ygiq32rin0bwh8ibhsm-docbook-xml-4.5.drv
  /nix/store/8p5r1byqp1i2va3prsjyqmv288mw7kdp-asciidoc-10.2.1.drv
  /nix/store/fhpl1x82p839aabb5ycgj0cjrrwalssw-source.drv
  /nix/store/drhdcrydilz1k7cqjgbmi9i4pz9gndsf-ninja-1.12.1.drv
  /nix/store/k7zh6n3n2yqjmph7bziilcpp3w31xvsi-xorgproto-2024.1.tar.xz.drv
  /nix/store/m2cgqzcdnxz6li2jpm3kkqgg7h253daw-meson.patch?h=mingw-w64-xorgproto-id=7b817efc3144a50e6766817c4ca7242f8ce49307.drv
  /nix/store/ab7xin3cpbqrychll6frgl0a379h6419-001-fix-rpath.patch.drv
  /nix/store/c2c0pxwf4jsjy2fz4z2nqifc4l21cx33-setuptools-build-hook.drv
  /nix/store/j5w0jy1k0syw3mk53ngzrlz2ppf09pl2-source.drv
  /nix/store/mxjcs3sgzjl9px2zyplzislyr31h8wpf-meson-1.7.2.drv
  /nix/store/s4wdnf11pz9qg20qvnz6h4pplk9yrhns-xorgproto-2024.1.drv
  /nix/store/vdyj9azfjhy9fbvi6gf0pkg3bvgh30lf-libXau-1.0.12.tar.xz.drv
  /nix/store/q4jwnda68w1vjyjcal33d5aq04srw5gm-libXau-1.0.12.drv
  /nix/store/i282syvghmpx2jx12wh6br48cw3cjwwx-libXdmcp-1.1.5.tar.xz.drv
  /nix/store/sxfcqc2zpiayq16jnmi7q00krv7c8vdj-libXdmcp-1.1.5.drv
  /nix/store/ghgj29hy4yv6dy6mkqnqdnp08laph0vv-xcb-proto-1.17.0.tar.xz.drv
  /nix/store/vcjypavs2l45ik07c9x8iyyj1mbaw8hl-xcb-proto-1.17.0.drv
  /nix/store/vyw1zfmz2i6w5wg4law60mrs61bycwih-libxcb-1.17.0.tar.xz.drv
  /nix/store/fqhbqvbfbr60x0xz3g8znvaxm22yzrs8-libpthread-stubs-0.5.tar.xz.drv
  /nix/store/xp9adz8ayynh3la9c82jfm02pr5rfb15-libpthread-stubs-0.5.drv
  /nix/store/0066x30b027yxy0k3c7mh56gzjgpg9dm-libxcb-1.17.0.drv
  /nix/store/kdqcr99jh47839gd7gr3vg3640f1122y-gmp-with-cxx-6.3.0.drv
  /nix/store/n4dzjrfgkx3lgm4pcibhqz2kqsnr1888-ghc-9.6.3-x86_64-deb11-linux.tar.xz.drv
  /nix/store/63z8xl9hrmyanqqyfvxcan4bq3g6m80q-ghc-binary-9.6.3.drv
  /nix/store/8yg8z5kb7ck9hlrcpxf7f0n77h1akd2j-haskell-generic-builder-test-wrapper.sh.drv
  /nix/store/g47y4nvjy98jx9ps431qqv1fazhr1a2l-remove-references-to.drv
  /nix/store/kkp231ry73bw8x88837dyaag1h7sgdwh-happy-lib-2.0.2.tar.gz.drv
  /nix/store/4y6calzypdlf4m19bd68bm85kqr1lh2i-glibc-2.40.tar.xz.drv
  /nix/store/b43bhznkz9vr7n11k906g4r7vxw00pln-linux-6.12.7.tar.xz.drv
  /nix/store/6h35k53x8w4pafm8mrarfq1p9la4iz0v-linux-headers-6.12.7.drv
  /nix/store/87kyhixqm87m6pzrxv81x9gwb9ff8f6v-bison-3.8.2.drv
  /nix/store/ig2s60ldwnicb1zbjbszx2imh1kfdf0c-locales-setup-hook.sh.drv
  /nix/store/zi323c6hvv359w5mj27vpi31hgr15j0v-libffi-3.4.8.drv
  /nix/store/jpq5wi52p97dvypif2hsljckw4r72h5a-python3-minimal-3.12.10.drv
  /nix/store/q4fl5bgiqwqn7afqi1qknh8mhsddvpml-glibc-locales-2.40-66.drv
  /nix/store/jjnan9g39i5nwnlzi6a43krdiqyhzbfs-hscolour-1.25.tar.gz.drv
  /nix/store/v7nx7k4npxwwg95mq9s44pycb8h2sjh8-hscolour-1.25.drv
  /nix/store/10kgyp0k00xfkqr8brha75zi56qq565y-happy-lib-2.0.2.drv
  /nix/store/6by4k5r8n924wi5nqzrb17jcymj3xwvv-which-2.23.drv
  /nix/store/many6vhjfpsfb9slx7wsppg8aqs7ywcg-happy-2.0.2.tar.gz.drv
  /nix/store/b40f6ymw9qw5gmgbgxghh1agz66xx29p-happy-2.0.2.drv
  /nix/store/z95px37rf05w8x9di4nsh4ckv7bcw14f-alex-3.5.3.0.tar.gz.drv
  /nix/store/18phglj0rxk9ir425cm3aq61cabg5r2k-alex-3.5.3.0.drv
  /nix/store/ikmlrrgbl9brakcvf4ca3hwpnsmij4lz-idna-3.10.tar.gz.drv
  /nix/store/02fk7kcq5x33v1dlqi46qrhx0ilc0zvi-python3.12-idna-3.10.drv
  /nix/store/8a0xjndpx2hrw9vsp5l4v6wcaiws0jlh-hatch_vcs-0.4.0.tar.gz.drv
  /nix/store/083zgw2qfwiqsxa1bpanhnk18pcd69nx-FCGI-0.82.tar.gz.drv
  /nix/store/2vxzkbbh6gijifgpmm71fb43gca4zdmn-Module-Runtime-0.016.tar.gz.drv
  /nix/store/3i88dqh49v1hr1qd3vxh4g5r0drfld8b-Module-Build-0.4234.tar.gz.drv
  /nix/store/rpasllc2vjs78abg829hms5sy6rh07sx-perl5.40.0-Module-Build-0.4234.drv
  /nix/store/3db97vnn19a5qskqp8cviygijlr6z82r-perl5.40.0-Module-Runtime-0.016.drv
  /nix/store/hq2b7gl8pn687lfzl0i12in972mimrs8-Test-Deep-1.204.tar.gz.drv
  /nix/store/4b6izn5rrdl8slz4i1bpxlvbq3a29wgz-perl5.40.0-Test-Deep-1.204.drv
  /nix/store/pisidm0p7i3amqwzmyhwzdn40j7knvqr-CPAN-Meta-Check-0.018.tar.gz.drv
  /nix/store/47g13hqgl2ifz1r6jmpjx1i0hq5sh1lz-perl5.40.0-CPAN-Meta-Check-0.018.drv
  /nix/store/vvimmdl6kk4zmivr6lhx30y6wg7030zq-Capture-Tiny-0.48.tar.gz.drv
  /nix/store/kcn9v9hbwlwjhi704n2wmvlqd8dkmrg2-perl5.40.0-Capture-Tiny-0.48.drv
  /nix/store/r6dbia5r9xawcm9169hfpwx9cqs78sdj-Try-Tiny-0.31.tar.gz.drv
  /nix/store/v578i1nqy79vgyypx4cpwww5g788xyzn-perl5.40.0-Try-Tiny-0.31.drv
  /nix/store/wap21pxw87q9gdhb6cmm8lmjxl1shi5n-Test-Fatal-0.017.tar.gz.drv
  /nix/store/bya1vm76kx8z167zrhdjdsicgyxs4grm-perl5.40.0-Test-Fatal-0.017.drv
  /nix/store/c8n66khwq4bj846ndvz3d36n361ia7aj-Moo-2.005005.tar.gz.drv
  /nix/store/si9f05amq4lwyz0sb9ap1wy7fbad6l3k-Sub-Quote-2.006008.tar.gz.drv
  /nix/store/d898kpvwki2yr4irx1gnirnzv7frghks-perl5.40.0-Sub-Quote-2.006008.drv
  /nix/store/f7m3ysrvkv883f79rjjm72256d7yvhc7-Role-Tiny-2.002004.tar.gz.drv
  /nix/store/manl81cdjf87651im3ga8p4q1y82kwwr-perl5.40.0-Role-Tiny-2.002004.drv
  /nix/store/gdchqc78msncpgcfkahh8zdg89b5fki3-Class-Method-Modifiers-2.15.tar.gz.drv
  /nix/store/lh4lw93irny09kb3b0xilbmp7qq5r68r-Test-Needs-0.002010.tar.gz.drv
  /nix/store/x4i750g7s4na028lyxlkhnwpc1rkvqmi-perl5.40.0-Test-Needs-0.002010.drv
  /nix/store/z6yx4x87y0i3b4jm52nlgi14andaviqn-perl5.40.0-Class-Method-Modifiers-2.15.drv
  /nix/store/64jag7w723fgwmg07rapaq17yxawla9s-perl5.40.0-Moo-2.005005.drv
  /nix/store/1xwxqcj55phwylfkdvjn4n5y75l4f4za-ExtUtils-Helpers-0.026.tar.gz.drv
  /nix/store/bq2q48vl366iawzv4ggp28ac419ijrlp-perl5.40.0-ExtUtils-Helpers-0.026.drv
  /nix/store/iq7cafhl1z179rjgdlfynfdhjk26fya4-File-ShareDir-1.118.tar.gz.drv
  /nix/store/055r5j2ifl8c55mhmjyqncj9xm5f1yhw-Class-Inspector-1.36.tar.gz.drv
  /nix/store/qdpxzslp2glac1mjj3mc3h9p9v5bhbrs-perl5.40.0-Class-Inspector-1.36.drv
  /nix/store/r098zg04k1dl21qaa80xygqdc6hhbpsl-File-ShareDir-Install-0.14.tar.gz.drv
  /nix/store/yym0silccx46ab84daj221scn5cimyvk-perl5.40.0-File-ShareDir-Install-0.14.drv
  /nix/store/p4w7qnswybklfqd62hm118nrwli6nrzx-perl5.40.0-File-ShareDir-1.118.drv
  /nix/store/yxpmasbhmn3ndc5yl3c4dwwkf7csbdfi-Module-Build-Tiny-0.047.tar.gz.drv
  /nix/store/7ix82phhkz78786x1gcwmhnq1k449sj2-ExtUtils-InstallPaths-0.012.tar.gz.drv
  /nix/store/l0s74dw34cljvv2rvqpgmd7zrvrxm5zj-ExtUtils-Config-0.008.tar.gz.drv
  /nix/store/cdarhf1v7xzdxbkv6qp4gsi61jb5c60q-perl5.40.0-ExtUtils-Config-0.008.drv
  /nix/store/znax39kmdhqgg5xwhl1r437v1lf4m6bj-perl5.40.0-ExtUtils-InstallPaths-0.012.drv
  /nix/store/9njkq0ppf04p5wyyidnm4340yg542h37-perl5.40.0-Module-Build-Tiny-0.047.drv
  /nix/store/bjk8qgpk18ikhv8lfqq959k1mzwihyhi-FCGI-Client-0.09.tar.gz.drv
  /nix/store/8qzm156vmpw7lp13l3qsqlsppi5ckr0w-Exporter-Tiny-1.006002.tar.gz.drv
  /nix/store/89zb3vslx3by62x6f1gpk22ssbg9smaa-perl5.40.0-Exporter-Tiny-1.006002.drv
  /nix/store/fwnpsqph673cp03v7x7hs3sw9y8dmqzc-Type-Tiny-2.004000.tar.gz.drv
  /nix/store/13yawcx6k1as3s3p8c97sjv6g0wcg988-PadWalker-2.5.tar.gz.drv
  /nix/store/d9s2a4nnb68dzz30rk4gsw5cmb322zfq-perl5.40.0-PadWalker-2.5.drv
  /nix/store/jn1b0nf553w2w6vkj6paai0vgnfpdnmv-Devel-Cycle-1.12.tar.gz.drv
  /nix/store/flvk4bkssd6hddqy7b6kf3hmcry6i0cq-perl5.40.0-Devel-Cycle-1.12.drv
  /nix/store/hxqmylam5jxwr2czdxk10f7yhn0dyxd8-Test-Memory-Cycle-1.06.tar.gz.drv
  /nix/store/iiqajlskvb4n5g39z8qa2r602qg1v6wz-perl5.40.0-Test-Memory-Cycle-1.06.drv
  /nix/store/fdsjz3m1r71rxlkxapzpbxl08diqlk3z-perl5.40.0-Type-Tiny-2.004000.drv
  /nix/store/bjviz5dbhrvflbmi4v2swplxlplhzr60-perl5.40.0-FCGI-Client-0.09.drv
  /nix/store/03jnbhpcxvs4adp9cyhbw45ywpnkdh6s-perl5.40.0-FCGI-0.82.drv
  /nix/store/ig5njv9w4mwnnih645s8hs411py80gjd-libnet-3.15.tar.gz.drv
  /nix/store/09cxfz9c5rnk25hpmngclwmdh4n9qbkk-perl5.40.0-libnet-3.15.drv
  /nix/store/83q6ygcnqday22nw7rvhbjj97v7y3f64-TermReadKey-2.38.tar.gz.drv
  /nix/store/0wqp9ai9v9krndli01bmgri38a6fdc9z-perl5.40.0-TermReadKey-2.38.drv
  /nix/store/1ij7n37pswdbq2a5k74caqrwxpvy1f58-Net-SMTP-SSL-1.04.tar.gz.drv
  /nix/store/76igkm2q268j5zvp9kh05igag0d4abqj-Mozilla-CA-20230821.tar.gz.drv
  /nix/store/g66z6nbj66pkbpmrmbb76jjgvqbv9vvj-source.drv
  /nix/store/684n0fgvv7a8lci1shrg626zs4rhfv76-nss-cacert-certdata-3.111.drv
  /nix/store/9zv94fvj5j4wdvslggm18v5vsbi7pmqh-cacert-blocklist.txt.drv
  /nix/store/fpgnszx8ndg4mcv9gdqa143v6f8gg659-cacert-extra-certificates-bundle.crt.drv
  /nix/store/zxv92kv2l0j3xvlrsxl5v9dswb8ba697-buildcatrust-0.3.0.tar.gz.drv
  /nix/store/h795fx1sd1vcv2ly3833zmrwmf8z3aa0-python3.12-buildcatrust-0.3.0.drv
  /nix/store/am2n1pimv1v4d0a3ibxilqwlhq7872cb-nss-cacert-3.111.drv
  /nix/store/iqf8lki801wbp20zqbv89w1175z1slil-perl5.40.0-Mozilla-CA-20230821.drv
  /nix/store/941k77hsb32ahc8k34y9kvvhmbm8izai-Net-SSLeay-1.92.tar.gz.drv
  /nix/store/rcfrymal4z5aidcv9q7dwxiyrc3izwqi-perl5.40.0-Net-SSLeay-1.92.drv
  /nix/store/zs4aarzwbyhv9p389j59s6mhd2lr5h9w-IO-Socket-SSL-2.083.tar.gz.drv
  /nix/store/cw2czdlips9b4lq39a4idd5hz621kxna-perl5.40.0-IO-Socket-SSL-2.083.drv
  /nix/store/936agpdlxprfi8njcrjijm3z34s2x85a-perl5.40.0-Net-SMTP-SSL-1.04.drv
  /nix/store/qzl2yszvmsbij7l6is0xvznyl7njpk2b-FCGI-ProcManager-0.28.tar.gz.drv
  /nix/store/9ib21ilw1aqgja0blrcsgiibc98ppnbs-perl5.40.0-FCGI-ProcManager-0.28.drv
  /nix/store/6da0rlsj3cl0alpnhfkibkd2q969ckid-source.drv
  /nix/store/9g7693bc5gilf35l3iycmxkx0bscjjjv-source.drv
  /nix/store/6md9vx53b44rxgiw29zd630yv3ka79ja-lzo-2.10.tar.gz.drv
  /nix/store/68bk6bvk9hnyzf84iabbq4yvlq8bvilx-lzo-2.10.drv
  /nix/store/6b8rrlqgpmqbra17yh6hv5j0w0nnkzbd-source.drv
  /nix/store/gz7717d0rvcmn3rrfpg9jljykawjr3jp-02-fix-ftbfs-with-glibc-2.28.patch.drv
  /nix/store/mavgrhwnxl5c2v28x259xsg40zfb94pk-01-fix-heap-buffer-overflow-cve-2018-1000097.patch.drv
  /nix/store/srr7f4ync0m6dnz1a2z0gkhv9gd8gi90-sharutils-4.15.2-Do-not-include-lib-md5.c-into-src-shar.c.patch.drv
  /nix/store/x8afq1d03qiiaxrhypsgzag9a1iwcggq-sharutils-4.15.2-Fix-building-with-GCC-10.patch.drv
  /nix/store/yg2z981haz1bg7p08vpqw279cxrykg3c-sharutils-4.15.2.tar.xz.drv
  /nix/store/aps8z7qw5qlfjdjpwwrn117l4n6hb1s8-sharutils-4.15.2.drv
  /nix/store/8jyg98bwyhyi8ri51shyrbswyl6jd01j-man-fix.patch.drv
  /nix/store/ixvsfbwdxp7jf5bhxkfs6zcbimfxy4hy-source.drv
  /nix/store/ivrk8idfa4bziapbl9yyzbsyp9kdvhc3-cmake-3.31.6.tar.gz.drv
  /nix/store/ls5xixjw7pvlycxax0kf3921icjis9jn-cmake-minimal-3.31.6.drv
  /nix/store/clbfxz81yv03p6cg4rrlfvwiv8acrmxg-zstd-1.5.7.drv
  /nix/store/f2qblyprmkhjij864i0r6adszpz6995d-glibc-locales-2.40-66.drv
  /nix/store/a92hi45ncmz6zx88kqmx8slryv8vqvng-e2fsprogs-1.47.2.tar.xz.drv
  /nix/store/n5irxm0rl83aja0vdmmj2f3zxrahz5ff-source.drv
  /nix/store/v9kqd7y1yhvh6yw11w2mqd2h05s7xji6-fuse-3.16.2.drv
  /nix/store/ymwsr5yg1kv43l8893gcvh0gksk0h3zx-e2fsprogs-1.47.2.drv
  /nix/store/0p4ax5l6k7agirw5idb7aiwa0bxr3ryf-libarchive-3.7.8.drv
  /nix/store/0mpwg4jmhhaqacp56l49cd1xwr2v0k01-source.drv
  /nix/store/1gpg0km96ll93cxph29y8mq8rzdm8bpw-rhash-1.4.4.drv
  /nix/store/hgf181j2vhyjrszb05b7a5ifx8xyz4fb-libedit-20240808-3.1.tar.gz.drv
  /nix/store/68zf6k4af9nrrpdp3ymd3kvxldr6ncva-libedit-20240808-3.1.drv
  /nix/store/75nmkcqj9fblzd6s2sa2jpmcnw2c6q44-keyutils-1.6.3.drv
  /nix/store/i68y0mr6lcza6ca9ainm5fjqkw0pbxbh-byacc-20241231.drv
  /nix/store/h17zar59hk1c2ff71k11ryv3ky1fmakr-krb5-1.21.3.drv
  /nix/store/i34csxn7zksrrlw0k0ydkrabk2fny9lr-libssh2-1.11.1.drv
  /nix/store/8wq1lnjrvij1r2v75ix8zglylyjxx3wj-CUnit-2.1-3.tar.bz2.drv
  /nix/store/5czrlbzgy7d2bcjzyn134m1lc9sxwdi2-CUnit-2.1-3.drv
  /nix/store/x514ml1lci0ami6l20bl9a7ihqglpsr4-libev-4.33.tar.gz.drv
  /nix/store/dz8wdz5yq8g6jrnr43cmk8wm6pvd548d-libev-4.33.drv
  /nix/store/isw0acf08c403g328yymi6088kgjb1p0-c-ares-1.34.5.tar.gz.drv
  /nix/store/jgpr8hra8ixg7sb41grscxqskgpzyqps-c-ares-1.34.5.drv
  /nix/store/jgr1hzh3prcsv1qmgmbrxywmpmkizf0c-nghttp2-1.65.0.drv
  /nix/store/7ic9svsmq18pppw161dm0lwjnyq2k070-curl-8.13.0.drv
  /nix/store/nahhvc3r69fzmp1ws3lj1314zpvsr58q-source.drv
  /nix/store/nkq454f55swi8m0wrbzzrjrxd000s2yq-libuv-1.50.0.drv
  /nix/store/fzr9ldjvcw3bjnjmh63mmyi57j7y4vqk-cmake-3.31.6.drv
  /nix/store/79cdk8djc5q6xmkqsz490y05gdc7834g-gtest-1.16.0.drv
  /nix/store/b9zkb282drgknz5rfnv2cxj3y04xfjq0-zlib-ng-2.2.4.drv
  /nix/store/8bj7fpd5pscjlcyjlghwf7xrifxak507-getopt-1.1.6.tar.gz.drv
  /nix/store/lk8vw7slb19dw6f08qxgddidgkjn4h5y-getopt-1.1.6.drv
  /nix/store/iarm24km9vqqyid5x7p79scrq7lc90p9-uname.drv
  /nix/store/nc4qr338dakwz6g98fdl23imby5zd1r7-git-2.49.0.tar.xz.drv
  /nix/store/pr6vj7w2qjd3c3r8lrfwh0cwc88h68di-bash-interactive-5.2p37.drv
  /nix/store/64sgsfr99zg6asw8kwv57sf9642ll81p-source.drv
  /nix/store/s24zy1160hcsxhwga2rwbsrvn17qy118-revert-runpath.patch.drv
  /nix/store/0k2a5c43ssj035d9hr14ml840js1ddkj-brotli-1.1.0.drv
  /nix/store/0rfyx1l0g0m21k2m7bhy10xldaxxpp2l-lzip-1.25.drv
  /nix/store/1r8hy3ygxrwfsp4v7s7pn2iz3sn0mg8f-static.patch.drv
  /nix/store/5yvqlkcbsdhi199npgcvd4z1q0c4cscj-libpsl-0.21.5.tar.lz.drv
  /nix/store/3823mfgw2vrj1jas9krmkbrsis5kdfhj-source.drv
  /nix/store/b2fdd6cvx4xsknqnjxdhcyw8b7mvzls6-python3.12-cython-3.0.12.drv
  /nix/store/ddxsq4fzdwrry0phz6r6p4cy44x04pbs-source.drv
  /nix/store/021ngdcpmdp1vhfc03j76vfsdrn4p8hc-python3.12-lxml-5.3.1.drv
  /nix/store/0h2nnj6q1nl1878lzb8f45ca6n7w086z-docbook-xml-4.3.zip.drv
  /nix/store/l3ghq9b93jh1wn0ifskkglja2a9r1k5a-docbook-xml-4.3.drv
  /nix/store/5cgva6gyjy9mn3sk50napp9kny5wl5l3-pygments-2.19.1.tar.gz.drv
  /nix/store/najlb76syk6rsksfk8z1qnm0y1da4p3b-python3.12-pygments-2.19.1.drv
  /nix/store/zkspwcxnh1kn2csh28grwgr50zd2s0fb-source.drv
  /nix/store/dky7r72bn6d4v7symaajivvp1fnn11cj-gtk-doc-1.34.0.drv
  /nix/store/n4sb5id1db60h1dqwxnc1v7iyial8i4p-libidn2-2.3.8.drv
  /nix/store/wg5f3jv4jifp2bhxjim7xqmqa5c9kk0g-source.drv
  /nix/store/r7x4yvl6xwd3zylyj2gj9vjp2gmd9ayj-publicsuffix-list-0-unstable-2025-03-12.drv
  /nix/store/jdvs4sddw1xk4r92xwaarsswid9nlvg0-libpsl-0.21.5.drv
  /nix/store/wvpm5ayisiij67vil412zy7k9js0sc8y-curl-8.13.0.drv
  /nix/store/dsm5r29mz1h64mc0pa5z4bxjsp772cjf-git-minimal-2.49.0.drv
  /nix/store/8x1spkm6l3fy8fsrmjm6lfwf44w5babw-xmlto.drv
  /nix/store/9prq0mzqrwcvgiynlfdbfybc87h87frq-source.drv
  /nix/store/1qaa8lcfry3sa5gy4a36ycqikj9rra6d-source.drv
  /nix/store/fxji8xhv8qq40g43padnkbxj54zmydm6-boehm-gc-8.2.8.drv
  /nix/store/lf9xckcfabf9hibzrbqbi2fmf1lla97q-https.patch.drv
  /nix/store/gc5aqi3kpyyw3ng9dq8swrin6zvh0ch4-groff-1.23.0.tar.gz.drv
  /nix/store/hgqfipvr5zc2s42xam9jqq5l7krrg8c1-groff-1.23.0.drv
  /nix/store/is0my49q562rai43s1ndzfcfphj8xnil-man-db-2.13.0.tar.xz.drv
  /nix/store/4az1hisks9fy3g39sqh0chfpxpkpskvf-libpipeline-1.5.8.tar.gz.drv
  /nix/store/l4frs7mx22rbxg58hrc1l0hpnwrcxxvr-libpipeline-1.5.8.drv
  /nix/store/sri21v5abrv6y01qvc3pf2sk04nh2vll-man-db-2.13.0.drv
  /nix/store/spsls9wwkmc9l0rlssghlgir8sj0wfkc-w3m-0.5.3+git20230121.drv
  /nix/store/9vh603fk9waii58qrpndhc2d98h48bsq-xmlto-0.0.29.drv
  /nix/store/sffbq220r2ibgbknxyqyrlvf1czdvcwj-Digest-HMAC-1.04.tar.gz.drv
  /nix/store/a8knhx06rcaw9pmszd60pmrn2laj654h-perl5.40.0-Digest-HMAC-1.04.drv
  /nix/store/417mqxkfsaqk5gq1cgm65vd00ljxyca7-URI-5.21.tar.gz.drv
  /nix/store/jvryzd0cpg45lqlrwbiv66i0paf07ri6-Test-Warnings-0.032.tar.gz.drv
  /nix/store/pwk7w7gdsckyh849680dqq0ianhlqci3-perl5.40.0-Test-Warnings-0.032.drv
  /nix/store/app6w557lxrij23ynlhjvp00bxm1d2zq-perl5.40.0-URI-5.21.drv
  /nix/store/jv4057xm1rx5xybi6hx7x3qm5ddgzppw-CGI-Fast-2.16.tar.gz.drv
  /nix/store/p6c23i5qqix4xmp3q7cpjpylshdmdmgl-Test-NoWarnings-1.06.tar.gz.drv
  /nix/store/9bg113r51ccfh2jcm5p8qzyz3gaczlpz-perl5.40.0-Test-NoWarnings-1.06.drv
  /nix/store/kxf26vggd4rqz4x12dhq0bkzhfknayki-CGI-4.59.tar.gz.drv
  /nix/store/arvsidqblrdhmdh7sjx4yhvdpl8n71k6-Test-Warn-0.37.tar.gz.drv
  /nix/store/zkymqzfipyfpbl6y3zplhvrmv6i46dwv-Sub-Uplevel-0.2800.tar.gz.drv
  /nix/store/wpn1g45wrgdnaciskwdrlhd244a89653-perl5.40.0-Sub-Uplevel-0.2800.drv
  /nix/store/pq8wwn4497m4l11vjpc4ysplwbfzb6m3-perl5.40.0-Test-Warn-0.37.drv
  /nix/store/4z900mxilsl0gzkb4s6bsq4b3fp454vl-HTML-Parser-3.81.tar.gz.drv
  /nix/store/g53brffvq311dk6s02v73cwxd5zwxl9s-HTML-Tagset-3.20.tar.gz.drv
  /nix/store/b36z0z29slki5b8wmpimjvmfmk1q6c8s-perl5.40.0-HTML-Tagset-3.20.drv
  /nix/store/pb7rr19wprvlwgk4zll6p6ksqld9nbwg-TimeDate-2.33.tar.gz.drv
  /nix/store/1rja84nwhickx3yk1zi9kgfj7lhdxzpx-perl5.40.0-TimeDate-2.33.drv
  /nix/store/bbz0vn65kk11119prv6qmgwhr14sn3fy-HTTP-Date-6.06.tar.gz.drv
  /nix/store/55a1j14cas0df5khaj8hx875xrz1ykf7-perl5.40.0-HTTP-Date-6.06.drv
  /nix/store/q7h264bvl5gqcr4x5kpfq697f1jagydi-B-COW-0.007.tar.gz.drv
  /nix/store/4fc2c8b7xfdrqrdzhwajihh5z05djh8r-perl5.40.0-B-COW-0.007.drv
  /nix/store/j9rb7ccr8pgzyzi0jni7xmlgvy3svqp0-Clone-0.46.tar.gz.drv
  /nix/store/5c1g48v0hizp2s9xlvx74q2zhnfgi149-perl5.40.0-Clone-0.46.drv
  /nix/store/fxyxcm59y2kgh56zkzns29yg2psa9yrv-Encode-Locale-1.05.tar.gz.drv
  /nix/store/6b5cxiw0i66fbkgwl7j5rcd09mgn1fha-perl5.40.0-Encode-Locale-1.05.drv
  /nix/store/pf5b4c8xk4f909sc8rf4dfhgd9w28wb6-IO-HTML-1.004.tar.gz.drv
  /nix/store/85rjvfk2w14wqxqbjv3c24p1ghpcicya-perl5.40.0-IO-HTML-1.004.drv
  /nix/store/9cijnjkgvaf6nyskxz8j9mgd82l4fxbr-LWP-MediaTypes-6.04.tar.gz.drv
  /nix/store/d855yyvjy0l8q5a7ki8cfdq1drj3rh15-perl5.40.0-LWP-MediaTypes-6.04.drv
  /nix/store/wbqkbkv6z91gd2fbmb1srq89b9iwsj6i-HTTP-Message-6.45.tar.gz.drv
  /nix/store/y205qjq0x294k2dsyrfyybdrr3lafs9v-perl5.40.0-HTTP-Message-6.45.drv
  /nix/store/sahmpcaj5n6ysjk9a5ziz9lap9lhbxjs-perl5.40.0-HTML-Parser-3.81.drv
  /nix/store/kz72zvnwha5k0jxq3ibrvsbsg72nkf03-perl5.40.0-CGI-4.59.drv
  /nix/store/gxxhfc7a05r2piyka30bvn0adrvcswlz-perl5.40.0-CGI-Fast-2.16.drv
  /nix/store/bc1nvm7mwiwx38qsd78jsilhjmxpgns0-Authen-SASL-2.1700.tar.gz.drv
  /nix/store/kqdc95s116fssyg3h7wwfz23ax0lzmy0-perl5.40.0-Authen-SASL-2.1700.drv
  /nix/store/s9djsgbnc21k43x0aqajb901z06cb2lv-HTML-TagCloud-0.38.tar.gz.drv
  /nix/store/mm6b5b41pkaj21gkf77sfahkaymm3cz8-perl5.40.0-HTML-TagCloud-0.38.drv
  /nix/store/v49jzbmbpwpi721h1k5hb5fmwaypa1a0-Test-Requires-0.11.tar.gz.drv
  /nix/store/6q34d6n3p5l5xa6mm384m5rjj4fpbphy-perl5.40.0-Test-Requires-0.11.drv
  /nix/store/8vckyfpma7i6jpf3pgd513137nr6ck7b-HTTP-CookieJar-0.014.tar.gz.drv
  /nix/store/0pc55kz2hnr7b4iwnxkb9xn0813yggj4-perl5.40.0-HTTP-CookieJar-0.014.drv
  /nix/store/a7rhydjgjf78r5z03m556cf2c71qz7v3-HTTP-Negotiate-6.01.tar.gz.drv
  /nix/store/0qlkyxar6s763xn54s3f59gm9jzb4a45-perl5.40.0-HTTP-Negotiate-6.01.drv
  /nix/store/k2hiq6zpp2m6nw0k5zn6ziagd9ka5j2d-XML-NamespaceSupport-1.12.tar.gz.drv
  /nix/store/6y0mpxmyz95164fnmibzlpkqb4rf0h9z-perl5.40.0-XML-NamespaceSupport-1.12.drv
  /nix/store/dig4z52mkmw8w52xaylma79260vcxl67-docbook2X-0.8.8.tar.gz.drv
  /nix/store/nyi924x9yrfj3rd3xa87yfzab9lnlksq-XML-SAX-Base-1.09.tar.gz.drv
  /nix/store/vwqd1j4j10dhdndl8901z78xkpsglmkm-perl5.40.0-XML-SAX-Base-1.09.drv
  /nix/store/zzgbvzy81xsl1srrvh7yiklz4nmynb07-XML-SAX-1.02.tar.gz.drv
  /nix/store/fh7haifn23gb94sh7c7r7g61mmg9yrni-perl5.40.0-XML-SAX-1.02.drv
  /nix/store/6sy7qhh83i8wfdgvx4afi2iyh1jqyyk5-HTTP-Cookies-6.10.tar.gz.drv
  /nix/store/ilzyvwpk98bxj9q7spxlbbvdhqz2yd4c-perl5.40.0-HTTP-Cookies-6.10.drv
  /nix/store/4palzv49yx84rbnfb1qcx6m26c0b97sr-WWW-RobotRules-6.02.tar.gz.drv
  /nix/store/k50ssxzpy6lcf1qffbhwngzd8gm5sniq-perl5.40.0-WWW-RobotRules-6.02.drv
  /nix/store/cn8hzyz0k50p5bl52vxv47b05y2ki8s1-docbkx412.zip.drv
  /nix/store/zkyy27319hyx8i8qvpkr6f67bmyqqkxz-catalog.xml.drv
  /nix/store/25xg9ym15lqgmalczy5q7b6x062vg9ww-docbook-xml-4.1.2.drv
  /nix/store/90rff7182w9ncg49ssrflhszpqmg2ya9-opensp-1.5.2-c11-using.patch?id=688d9675782dfc162d4e6cff04c668f7516118d0.drv
  /nix/store/pqplgg6sj1cmn5wl292l48f9scf45h23-OpenSP-1.5.2.tar.gz.drv
  /nix/store/ls27axx77gg7fzr5zgk038d4p3pfckn2-opensp-1.5.2.drv
  /nix/store/qy5jf7dgc12rw2kcgii4xvn8cdq1bbdg-Net-HTTP-6.23.tar.gz.drv
  /nix/store/mi3sknq47llb1x70mfnaag86wckjjf8p-perl5.40.0-Net-HTTP-6.23.drv
  /nix/store/dsf9bnqvwac3d6s4saa5gkkw53xiapj7-File-Listing-6.16.tar.gz.drv
  /nix/store/wcilp129z0wlkm4qnn47pjd4sh81j7x0-perl5.40.0-File-Listing-6.16.drv
  /nix/store/hya904k7d7ph1rmiw51hndjws2k9sxvs-XML-Parser-2.46.tar.gz.drv
  /nix/store/x8w815rk2zjqlw1s8j43i9khmhcd91xd-Test-RequiresInternet-0.05.tar.gz.drv
  /nix/store/11y2wm890qj1rb0dyqzjrw682zywqv8j-perl5.40.0-Test-RequiresInternet-0.05.drv
  /nix/store/3k196ddlscglynpwa89zngm72cxx342q-HTTP-Daemon-6.16.tar.gz.drv
  /nix/store/13xah2x6613bdb88c3b3f866vqlz4hnl-perl5.40.0-HTTP-Daemon-6.16.drv
  /nix/store/xl852ka4jn612mdjwr1r0hv3iyvymahg-libwww-perl-6.72.tar.gz.drv
  /nix/store/xadccvzz07w68jyx10q1iih0nhkv67vz-perl5.40.0-libwww-perl-6.72.drv
  /nix/store/x7n6s21n6clj7gp695zxmnch1lmajwi3-perl5.40.0-XML-Parser-2.46.drv
  /nix/store/qhrix8lh4llfdl4zkb0w7z3i249ha2n3-docbook2X-0.8.8.drv
  /nix/store/ydfrhw10d2p65fapdlx5zl3fjvkfi25w-git-2.49.0.drv
  /nix/store/8n3iz46nrwhl1lmwbi104iwkdi7b4pc5-python3.12-hatch-vcs-0.4.0.drv
  /nix/store/kl02vw0l8biwhxjwjikgq12fzrla6bps-urllib3-2.3.0.tar.gz.drv
  /nix/store/3w4grzwxig5a5sarbsrbyi2sva1yyfjk-python3.12-urllib3-2.3.0.drv
  /nix/store/5g7xiw0sf85svnjzxf91aj4m8vwzxi02-source.drv
  /nix/store/5r3vq5i2qgamhfz8nqpblvss2gxaizwm-python3.12-certifi-2025.01.31.drv
  /nix/store/3dw22m1aqqd1x53vw2xgl7qc6h7lwv7h-attrs-25.3.0.tar.gz.drv
  /nix/store/yjvs0hdxx1d9fs0qvvnjv7z2v6074yaa-remove-hatch-plugins.patch.drv
  /nix/store/06phyb9l77hn5ygvy68zz1187xxidh4p-python3.12-attrs-25.3.0.drv
  /nix/store/14jikfh08ybqz53i9rdmz699cxp5a2fm-types_setuptools-78.1.0.20250329.tar.gz.drv
  /nix/store/38alkvbdyd43dx4llk2yqy192h4si15b-python3.12-types-setuptools-78.1.0.20250329.drv
  /nix/store/3rw34pva8zdx6pgk614dhgr92xqpnl15-filelock-3.18.0.tar.gz.drv
  /nix/store/5fzdhbc28m19rmq8rp22fs34qxffhs0c-python3.12-filelock-3.18.0.drv
  /nix/store/gsj04zv4jcm2zyb3526i1pcrk78zn5s2-source.drv
  /nix/store/78mhq86hhfzis2mzhk540i18k13ni0ha-python3.12-mypy-extensions-1.1.0.drv
  /nix/store/95n03nzk5r13dgmfhza2ph3h3vx60ixn-source.drv
  /nix/store/qc5d6mdzc2ra1xbb9gnvf5ji9mv4zhss-types_psutil-7.0.0.20250401.tar.gz.drv
  /nix/store/fk765r7pc2vxnlxs96hgm2wkwd888wy5-python3.12-types-psutil-7.0.0.20250401.drv
  /nix/store/rc697qykb19pgkkmasn582d891zpn7la-psutil-7.0.0.tar.gz.drv
  /nix/store/ljhz5gblvswppsjyfs6aax21h7hdnxc8-python3.12-psutil-7.0.0.drv
  /nix/store/8v5piqhn0rzc8raqyhdqhk5hy83nvfki-execnet-2.1.1.tar.gz.drv
  /nix/store/zyg1pf9xbddrfjzmddw50myjg8z396js-source.drv
  /nix/store/8lvgv3g3f0gixw5n48yp257gs00snkb4-python3.12-zope-interface-7.2.drv
  /nix/store/p9xfkkzxc8jcwapd9wb1f9gsms1z3v8c-pycparser-2.22.tar.gz.drv
  /nix/store/c26yn2wik09ys9nim0hnah5b620fhpzd-python3.12-pycparser-2.22.drv
  /nix/store/z362g45x4ymjd5bzy3m3rfpvs0dqjica-cffi-1.17.1.tar.gz.drv
  /nix/store/90bc1237a8ifgd7sxp61hsdh8x9450dh-python3.12-cffi-1.17.1.drv
  /nix/store/13ginacgi7a85640y2m5r3r7k2ssxvdm-importlib_metadata-8.6.1.tar.gz.drv
  /nix/store/4hgkyff8pj6zzspsslhsdg4qb65rdqz6-zipp-3.21.0.tar.gz.drv
  /nix/store/4gdn81vhmcdqh4par8l6qa61c1j7x4a7-python3.12-zipp-3.21.0.drv
  /nix/store/bdjhf36xk1kw7d5q5rwbw0kjgyddnrkr-toml-0.10.2.tar.gz.drv
  /nix/store/xcm8gm59d2719c7k0viqh3d2ar7dlzsl-python3.12-toml-0.10.2.drv
  /nix/store/am6la102rmpn9jg2wadydvw003f6lfa3-python3.12-importlib-metadata-8.6.1.drv
  /nix/store/ly9hfhdscwhara069g75kb7zdyzrazcv-greenlet-3.2.1.tar.gz.drv
  /nix/store/g8njf9c3hngk914g5n25j7wlav8f3a9y-python3.12-greenlet-3.2.1.drv
  /nix/store/iwgg3v7g0apfpdcwdlx8m7adb8p9g9yd-gevent-24.11.1.tar.gz.drv
  /nix/store/r3sb3sxp9g79mglh7qk8rq0aph9n36a1-c-ares-1.34.5.drv
  /nix/store/gz0xf91cbj7v2wsli8achj0fn1hanv8r-source.drv
  /nix/store/y5jjmsxfy2y8vkrn0bh2jln1a1963rrb-python3.12-zope-event-5.0.drv
  /nix/store/qxiy1jgfyml749hibavqrmfs7nxajflh-python3.12-gevent-24.11.1.drv
  /nix/store/0nk2pxzb90naqifvawwrqjii210hz01g-python3.12-execnet-2.1.1.drv
  /nix/store/gqa0hsnvsfwk4d42smisns71w1l4jnl8-pytest_xdist-3.6.1.tar.gz.drv
  /nix/store/q0ix4rvh0r0m7385ygdy3wwjsvrxf65h-python3.12-pytest-xdist-3.6.1.drv
  /nix/store/rskj5v0wygfvah3invi49mrnyq7l4hw4-python3.12-tomli-2.2.1.drv
  /nix/store/4nmylj80vs30n3cshcm2vayf8c9xdqsw-python3.12-mypy-1.15.0.drv
  /nix/store/nlf5h2b8jq022ix5j6za00hajl3ybdpc-source.drv
  /nix/store/66vnx6gsp6a9ifhab91i3g69j4ik43mh-python3.12-charset-normalizer-3.4.1.drv
  /nix/store/ln2hhpj9hvhqiawgldm0w41x2agj11s1-PySocks-1.7.1.tar.gz.drv
  /nix/store/742cg8fg54c4l09zs6rjwgq4jszn7r3n-python3.12-pysocks-1.7.1.drv
  /nix/store/kg7kg9labaxll7pxaf8slhdpr7byr6q9-requests-2.32.3.tar.gz.drv
  /nix/store/1ifas650kdh6gk36z9fsz2l8pkpla8ka-python3.12-requests-2.32.3.drv
  /nix/store/nandra8p2khm9rzklxjbds6d2yrg60jx-imagesize-1.4.1.tar.gz.drv
  /nix/store/3czajliw6xyd2nrg76qdmjmp3gwycr23-python3.12-imagesize-1.4.1.drv
  /nix/store/ha4i9b0bqvsalnm33i8iq4sb0vjq0vsp-sphinxcontrib_serializinghtml-2.0.0.tar.gz.drv
  /nix/store/3yrlvplkhs4s246yzm4kpk55cgbrfrhn-python3.12-sphinxcontrib-serializinghtml-2.0.0.drv
  /nix/store/7ix0cidds2ls4pmpx6dfg3wcgshk4c9x-sphinxcontrib_websupport-2.0.0.tar.gz.drv
  /nix/store/23w1zdlpm8xnljn8rwsri6p42lbhdw6y-jinja2-3.1.6.tar.gz.drv
  /nix/store/zg0nalscr38qnq1i299x56q6r0fy9hz8-source.drv
  /nix/store/iz4q5iwx06i50zqlw05bd2afm37wmrgk-python3.12-markupsafe-3.0.2.drv
  /nix/store/2gpif8wscy6wiczga4ajkkdmzc92l2pg-source.drv
  /nix/store/abq1iqyc4z4b9mdpm66qak858jzsi2dz-python3.12-six-1.17.0.drv
  /nix/store/fkb9kfw1h8kmrszadm6h8jvjdwg1hb0c-python-dateutil-2.9.0.post0.tar.gz.drv
  /nix/store/vhyg46c3lyfk9r04ykznxnb2fsi6763c-python3.12-python-dateutil-2.9.0.post0.drv
  /nix/store/zhlqglpkwc55ga3x4fddc8c1ynvirck0-freezegun-1.5.1.tar.gz.drv
  /nix/store/4v1zj1j2cmk6k4h1hd9q8g9qy37ka1g8-python3.12-freezegun-1.5.1.drv
  /nix/store/8rkg6dmfx111gkiv6vl440fkl09wv78n-pytz-2025.2.tar.gz.drv
  /nix/store/agjk0fl8askmpxl0fy0q8bcr8pnlwssb-python3.12-pytz-2025.2.drv
  /nix/store/z15n5wdisvnra35lminwgsfc2m7y9s3c-babel-2.17.0.tar.gz.drv
  /nix/store/ssi4srmkp02nxc5ma786q5g4s62yzaf7-python3.12-babel-2.17.0.drv
  /nix/store/8qj2s0j8m4g9iwhl098arz2mqlzyminw-python3.12-jinja2-3.1.6.drv
  /nix/store/67qhqggr1p9k6cr7vsrrb4n74v7sla7f-python3.12-sphinxcontrib-websupport-2.0.0.drv
  /nix/store/ybrznl1hvq1xkafm2ljcqvfbv8lngzrr-source.drv
  /nix/store/85f0rf9yp8di6wrq3yldf9l5mnhxmr9j-python3.12-docutils-0.21.2.drv
  /nix/store/b4q6zr2ld3kzqazp79ba6qn464la1ic7-source.drv
  /nix/store/ql2v8aaib6jj5y1fbl17m6yycxbd7qjc-2c19b9899ab3a3e8bd0ca35e5d78544334204169.patch.drv
  /nix/store/r9bqrzzrl36xihdkyy581p4j23nzjimj-html5lib-1.1.tar.gz.drv
  /nix/store/qin4vxrp24sfbff8s1q7knwcmr28i47d-webencodings-0.5.1.tar.gz.drv
  /nix/store/yhfh3q6z8hcfnnc8j74ydnqqpp7f9njm-python3.12-webencodings-0.5.1.drv
  /nix/store/bl60b870q45md8z8xfgv2jc9h98gkfk7-python3.12-html5lib-1.1.drv
  /nix/store/6syfg1mwz8snmyav13yiln3ijzmh45nf-sphinxcontrib_devhelp-2.0.0.tar.gz.drv
  /nix/store/csqxpp287d5i3rm92cq0rhjssqn4qf9b-python3.12-sphinxcontrib-devhelp-2.0.0.drv
  /nix/store/akikgw60xbjqpjp7xqsxwhp9hq15fqaa-snowballstemmer-2.2.0.tar.gz.drv
  /nix/store/3kxc813ww2kdxjfh5i9an8339jsf6q37-patchutils-0.4.2.tar.xz.drv
  /nix/store/k0vzbdyqlslz60cxp86nkgbj25154jg5-patchutils-0.4.2.drv
  /nix/store/852iin9w5y4c6wcga9i38ld51nachj83-pystemmer-relax-cython.patch.drv
  /nix/store/g98kpnka8k31a21irgjqjg3a8wdwywqm-source.drv
  /nix/store/l02nlax4xlha4c10fiiya53h3jqgkl0w-source.drv
  /nix/store/np6k39f9pqzz92ar4yv752ykqgal85j4-libstemmer-2.2.0.drv
  /nix/store/hm51s7gg9l74czsk2wg11ir82f1g9hzp-python3.12-pystemmer-2.2.0.1.drv
  /nix/store/f0fxgca8rrir1i8128kf6l5knr4dvmd0-python3.12-snowballstemmer-2.2.0.drv
  /nix/store/s0q8gp8bmc3yrgw1ir4ssm7k6yv0mvnh-sphinxcontrib_applehelp-2.0.0.tar.gz.drv
  /nix/store/gkgbpf243hck4mr2xqba93nys5qxzqss-python3.12-sphinxcontrib-applehelp-2.0.0.drv
  /nix/store/n5mx8s56b799wj1sxrc3kn0ycss8g82r-source.drv
  /nix/store/hz7lvq8kx1yhp2q4bqalnrblvccrj3h4-python3.12-alabaster-1.0.0.drv
  /nix/store/c2viji3sxn8f0xgdc810iw28rhs2qpiw-source.drv
  /nix/store/k7qk99d5lma7k3jzmxbda5r2bvya4xnf-python3.12-roman-numerals-py-3.1.0.drv
  /nix/store/wj7kqwm1d4ahap997w4ljan93w3b7ic5-source.drv
  /nix/store/rklhvs1zn9drrn0cbfwf1j7dzg0mj8kv-python3.12-defusedxml-0.8.0rc2.drv
  /nix/store/q9f9ar1fgy7jr034ngvz874w5xzmsy6f-sphinxcontrib_qthelp-2.0.0.tar.gz.drv
  /nix/store/w8bbahi4c9l34sfc9dhamaq6kyq08sy5-python3.12-sphinxcontrib-qthelp-2.0.0.drv
  /nix/store/inra71rw50vx2szfz3qxmf92s9d4ni8m-sphinxcontrib_htmlhelp-2.1.0.tar.gz.drv
  /nix/store/wvsrpr6baxfg0d5amw41crizi5xb56xl-python3.12-sphinxcontrib-htmlhelp-2.1.0.drv
  /nix/store/yhix5q7x2gjna2p884w4hais7r0wy7hm-sphinxcontrib-jsmath-1.0.1.tar.gz.drv
  /nix/store/z1672cnmf94v5pyc18x54y6aib7g4n6v-python3.12-sphinxcontrib-jsmath-1.0.1.drv
  /nix/store/7pxcvvqskk2li0xjb9d2vin9y4if2dap-python3.12-sphinx-8.2.3.drv
  /nix/store/3pc24ga7v2224q7adbm3a2x4kx51drkz-musl-strndupa.patch.drv
  /nix/store/4q93sbm9fmxj6n6hkl2i3y27f1fdhccy-musl-asm-ptrace-h.patch.drv
  /nix/store/4r19qn8psczlj713xwpbq3rwgb0xnads-musl-macros.patch.drv
  /nix/store/0sl8z76s2hksiz6vhxnjr6w9hc6k0irp-source.drv
  /nix/store/b83fj2g1wvl820m47y1q2wb0h13a5q9q-json-c-0.18.drv
  /nix/store/h660n86amdf9r1r0d4pxawwxi1knm686-setup-debug-info-dirs-hook.drv
  /nix/store/hijcdgi1rfw7lwqwwqlcgh01ml8021ys-elfutils-0.192.tar.bz2.drv
  /nix/store/7152hccbwmy8ny3n54vgh4aybmwmlqss-source.drv
  /nix/store/7h36fhkc4fhjji8p6xn197sx72smdcga-libtasn1-4.20.0.tar.gz.drv
  /nix/store/dai3byk8c5w0ydkh2ssnkfq7q602w1ik-libtasn1-4.20.0.drv
  /nix/store/4yr91dgm5z5ymixlffdqp23n1ns4xi1h-p11-kit-0.25.5.drv
  /nix/store/idmhfmkqnrccqr5sd3mi8vimq3xrxk2k-net-tools-2.10.tar.xz.drv
  /nix/store/9qb1af741mqqg97b3vy9fipmwbwixc9w-net-tools-2.10.drv
  /nix/store/dp9hkwq2z8qm4dqkslwlj8z8g46r3wd4-gnutls-3.8.9.tar.xz.drv
  /nix/store/y674nkq14szqm5mimmra2c29l3bgi9bk-autoconf-2.69.tar.xz.drv
  /nix/store/gkz2ps4prpfzlryacg6pzqcnhghigyj4-autoconf-2.69.drv
  /nix/store/imp55pbjdbi0kybnzdri1v0lr8wq5x2n-root.hints.drv
  /nix/store/kp6zbr841z7i8a5ly7f7f3vxcmpz0wgn-dns-root-data-2025-04-14.drv
  /nix/store/v4pd7x8v0yxw5bv5syv3hgbfgbcamj6r-nettle-3.10.1.tar.gz.drv
  /nix/store/n48qwdxgldkw6wzxsys10vzkxzqqciks-nettle-3.10.1.drv
  /nix/store/bnxnrx4drangrba4wwgmkyli9jb78d5n-883630f76cbf512003b81de25cd96cb75c6cf0f9.patch.drv
  /nix/store/xmpa3gql8cr8dwbyf2la2cdf1adbx4c4-libevent-2.1.12-stable.tar.gz.drv
  /nix/store/bmv8xs2hvikmaxbi0n4ybiydv20pjpga-libevent-2.1.12.drv
  /nix/store/fwq00m0fdb3kprywsq6l729hf6jzzicl-source.drv
  /nix/store/bjmnfpffn0njwp1b2ra0dx5ys1z9jhk4-perl5.40.0-gettext-1.07.drv
  /nix/store/g51pbfhf6q40spsn1jbjf8hiv6g7cdns-help2man-1.49.3.drv
  /nix/store/mjpb5kj1qdr47w21wn2jngsfyxazbjvp-flex-2.6.4.drv
  /nix/store/pfv65xgn6p24wrkvyli7ly9wcg6i1f5f-unbound-1.23.0.drv
  /nix/store/3nf5zck6wxibwmp1dg764c5jjx716508-gnutls-3.8.9.drv
  /nix/store/6d6gpwbnynlkjlag9qxqv7q0ifqg4mhf-libmicrohttpd-1.0.1.tar.gz.drv
  /nix/store/jnkg8pp8964m2466hnipxkbd68lj4igd-libgpg-error-1.51.tar.bz2.drv
  /nix/store/p6c120b38vhn68gypcsf9jh11yglw9b9-libgpg-error-1.51.drv
  /nix/store/v94dr50c3qan0jav8jh2bcyqd9ky5s0v-libgcrypt-1.10.3.tar.bz2.drv
  /nix/store/lk4rb87max9bm9qg3i6lll1n6kyjyd34-libgcrypt-1.10.3.drv
  /nix/store/k68k2p439dssrryilz1n125wrqw3v1ai-libmicrohttpd-1.0.1.drv
  /nix/store/zyvr9pgj44a7f23yhw5qzw68vcn7fnd0-fix-aarch64_fregs.patch.drv
  /nix/store/aa566bx5in36fz7yb0hdj0s4f0qpq86m-elfutils-0.192.drv
  /nix/store/6l3jmnyw08vmsk8zzk6ghfl7rx4fnwm1-ghc-rts-adjustor-fix-i386-stack-overrun.patch.drv
  /nix/store/fgsazp8sfvslgwzh6qwsxd79a65g7n2c-enable-ignore-build-platform-mismatch.patch.drv
  /nix/store/v68284k1inpwaiagdh0fvlf8snwhdjn6-ghc-9.8.4-src.tar.xz.drv
  /nix/store/vdf4kzd1i9rnkp3afm4pxqcmpdyvnq7v-ghc-9.8.4-source.drv
  /nix/store/y12f2hnz4il69cmzs6phw6brr646svwr-ghc-settings-edit-0.1.0.drv
  /nix/store/36gij9l6gsrfl5acpjs8jrsvxvvvqxvv-heaps-0.4.1.tar.gz.drv
  /nix/store/09ng0n318mgwk94ni3bqkjz7wbjr067h-heaps-0.4.1.drv
  /nix/store/v0kawd40hxvylh27an894i04msdaryfw-extra-1.7.16.tar.gz.drv
  /nix/store/d91kxl6q93gz0d9nkdzkbs4j2wh36rsy-clock-0.8.4.tar.gz.drv
  /nix/store/whd87gmj6snl8mfp7z0kvrvhkpnbqyvn-clock-0.8.4.drv
  /nix/store/ybzhqhq7hvkba0s3m6shcv9ks4friwa6-extra-1.7.16-r1.cabal.drv
  /nix/store/i2w77nz6hnypjmngjzq1dhp0aa78pdic-extra-1.7.16.drv
  /nix/store/pgq79pzj8bsflwmaiga399jq85mkm2vg-filepattern-0.1.3.tar.gz.drv
  /nix/store/56v7vz44ffxgc1y5y2jysy9hck10nzzh-filepattern-0.1.3.drv
  /nix/store/7mhciaaxk657zgf5diajpbmf38ddjxxn-shake-0.19.8.tar.gz.drv
  /nix/store/4aa18qf0mafgsplvbccbzbaibhn8j0iz-js-flot-0.8.3.tar.gz.drv
  /nix/store/8q45arkp47yj22imzpq2ffswmfgivm6x-js-flot-0.8.3.drv
  /nix/store/klrl9xzdbzb5q9k6qp4mqakdwi8ji016-primitive-0.9.1.0.tar.gz.drv
  /nix/store/9im28p8br334farjzihf509im7aqxvl2-primitive-0.9.1.0.drv
  /nix/store/pnp4czrgwmrm07ph6b9a0y256z3lp4k5-utf8-string-1.0.2.tar.gz.drv
  /nix/store/9mh54kn2czy6mzrb2fxr0vrwcwgk6yh7-utf8-string-1.0.2.drv
  /nix/store/641rjxyzsl92pj5kykx1yhyadv0aw44r-random-1.2.1.3.tar.gz.drv
  /nix/store/mzp3s3bzyx3affl4f3vjpq9yz2k65995-splitmix-0.1.1.tar.gz.drv
  /nix/store/9aclhgg28abvaawdkv03lmwn4m8c9v4z-splitmix-0.1.1.drv
  /nix/store/9s8k01pkdfil4ja5qwi4zznp80i8rg5g-random-1.2.1.3.drv
  /nix/store/zhcsm3s7slk4j2pnzl95p203ld8xa4vr-js-dgtable-0.5.2.tar.gz.drv
  /nix/store/gchliki622slqhssgr5lg4pc4djh59q7-js-dgtable-0.5.2.drv
  /nix/store/ngbnx2j06wrqy1smyjvjjzkqm26dfd2x-jailbreak-cabal-1.4.1.tar.gz.drv
  /nix/store/2d5vna9dgr9v8xsvpyxdn4d00v3addfj-jailbreak-cabal-1.4.1.drv
  /nix/store/qibq79n111980k5fadh72nykls0yzdhj-os-string-2.0.7.tar.gz.drv
  /nix/store/8lg5bhm3xs048sg0p1igmydmscj76s42-os-string-2.0.7.drv
  /nix/store/kfhfz9vkwah9xbv91w1nnqh48ih4i7cn-hashable-1.4.7.0.tar.gz.drv
  /nix/store/qxbgky03mvzl5pki141agjrbrgnjfx7f-hashable-1.4.7.0.drv
  /nix/store/mpjc4j5jln4igdh84d3s0qvf4wb23k5p-js-jquery-3.3.1.tar.gz.drv
  /nix/store/w0wbz17zlx2vfb07xq1zrm7gvqwnymx0-js-jquery-3.3.1.drv
  /nix/store/biv93qxr5p4qgjrjfbawd08k2sjkjgar-unordered-containers-0.2.20-r4.cabal.drv
  /nix/store/vdwrgz8kvbc631mcqyswb4i91rv73ymm-unordered-containers-0.2.20.tar.gz.drv
  /nix/store/wanxn6abm4js7lhalliqyf1xnzk83nqg-unordered-containers-0.2.20.drv
  /nix/store/661564py7110w390967wqnsgxjc1x0dy-shake-0.19.8.drv
  /nix/store/9ll4kiq8d33653l1fk1vzd40af1yx204-UserSettings.hs.drv
  /nix/store/09y0kgg6xx8xs0n9iqnqnjbqwn4mpshx-cryptohash-sha256-0.11.102.1-r6.cabal.drv
  /nix/store/818lqbac9g7r2nc1b51cf2i5dgz7f6ir-cryptohash-sha256-0.11.102.1.tar.gz.drv
  /nix/store/h287p3p65is4cf35pg0f2gkv98wb9w9z-cryptohash-sha256-0.11.102.1.drv
  /nix/store/gq3s03vj153xsmg5fnl9wch610fl5d9j-base16-bytestring-1.0.2.0-r1.cabal.drv
  /nix/store/ssakifvz7pbcs5mi64hvjkqp2xr9fjzd-base16-bytestring-1.0.2.0.tar.gz.drv
  /nix/store/vlv9h1mm9cam41cbxw6as2gay7x780d5-base16-bytestring-1.0.2.0.drv
  /nix/store/y4gn9258d9wrx3ib51yxkjjjd96hgp72-hadrian-9.8.4.drv
  /nix/store/z8n8wjr6a6y1a5zvjn4ry97p5aikwzp4-hscolour-1.25.drv
  /nix/store/6mfbx2ry5jh503d7m5qaa8dc25vkhppp-ghc-9.8.4.drv
  /nix/store/c1bdfgc6xvkn345lwgylsga5y4g5l4af-hscolour-1.25.drv
  /nix/store/h3nwg03fyqhajcanbkqkz864pzq2fh1n-inspection-testing-0.5.0.3-r3.cabal.drv
  /nix/store/pcq9fv1q6w4yv71wbc3m7mz05r30d5c0-inspection-testing-0.5.0.3.tar.gz.drv
  /nix/store/7xyz1ki8ccp3x8igjxi1lznbcsdg8q1k-inspection-testing-0.5.0.3.drv
  /nix/store/lrvfd4hs3g6kcb270zzgy1w7w5j4a7d2-tasty-inspection-testing-0.2.1.tar.gz.drv
  /nix/store/qbv5lnwwslnf2s20w7d9fsmyip9v37z0-tasty-inspection-testing-0.2.1-r2.cabal.drv
  /nix/store/fywjwl10df9ycz73l8493pgdsvkirwq7-ansi-terminal-1.1.2.tar.gz.drv
  /nix/store/4jh8pn9c8g4q4g1siy1acxl9wgy15c3q-colour-2.3.6.tar.gz.drv
  /nix/store/hcwkc7jbgmj3l94ja5f8h2i518mj6n0x-colour-2.3.6.drv
  /nix/store/rzbyvvr9lw5g9kp6vhbmwz33f354rir9-ansi-terminal-types-1.1.tar.gz.drv
  /nix/store/lrx372i4abhm6sinn86mkzm2289b20mp-ansi-terminal-types-1.1.drv
  /nix/store/0vc5nsdwsnwyrjbbw951k2f8vn4d4zbb-ansi-terminal-1.1.2.drv
  /nix/store/hb8hv780jdz18l69nqmbcm8wx3ck4wss-tasty-1.5.3-r1.cabal.drv
  /nix/store/0qn28xk98bqyajgbhjwla97v1rc7zsyd-optparse-applicative-0.18.1.0-r1.cabal.drv
  /nix/store/kc9abv6nzyhixf8vpf3qal8wr1j6xc3x-transformers-compat-0.7.2.tar.gz.drv
  /nix/store/75vnl602ww3kj97a7qbh33syhms2xzjl-transformers-compat-0.7.2.drv
  /nix/store/9yvp57d33rxm4sh9a301m3jyp1yarapy-optparse-applicative-0.18.1.0.tar.gz.drv
  /nix/store/1pgpv9fhff9slg1kv931mbgv6vkj4ns3-QuickCheck-2.14.3.tar.gz.drv
  /nix/store/5smbv7djv7mjfncac0zn8d6irb9pr5dk-splitmix-0.1.1.drv
  /nix/store/g8bkd9v9ry6n1i04aszrm2zj2ljksq7a-random-1.2.1.3.drv
  /nix/store/jijgpdf9wiji3h7i416fwq27czplpbd4-QuickCheck-2.14.3.drv
  /nix/store/h8gdrjb2i13rh9g5dgy870wggy2kza1v-prettyprinter-ansi-terminal-1.1.3.tar.gz.drv
  /nix/store/fharmcfzzx44wq1kir8r7k1pjny844lx-prettyprinter-1.7.1.tar.gz.drv
  /nix/store/mc42r5cnip6d8kd3aaac0w684jp2agan-prettyprinter-1.7.1.drv
  /nix/store/kyn3g2757hb95zg91cd21m37cz42dq2i-prettyprinter-ansi-terminal-1.1.3.drv
  /nix/store/k7z0vp2h02lnss0lg5mw0cfg2wrwk0lg-optparse-applicative-0.18.1.0.drv
  /nix/store/lndr592m0zaqsh33ddxg32zsdcwlq9pr-tasty-1.5.3.tar.gz.drv
  /nix/store/cxd2x9kx3imk5vb4z47kvhn5nwdyak7b-tagged-0.8.8-r1.cabal.drv
  /nix/store/lxk4xk9w95yqlv8d1sfc18pgp6vf0daf-tagged-0.8.8.tar.gz.drv
  /nix/store/q3cgwa28krr4ipg5j2rp3cz34rky4bfv-tagged-0.8.8.drv
  /nix/store/v9a5haawr93sy95630xip45kglrph28p-tasty-1.5.3.drv
  /nix/store/020v9w4n172q4a1xc0lrwx6sr9x2nc5r-tasty-inspection-testing-0.2.1.drv
  /nix/store/03vypxkhf670iq43xcn62l9pjv3r8hz5-musl-endian.patch.drv
  /nix/store/04mzx9y1jsw5dghl5sa4ds5wvhraaklx-semigroupoids-6.0.1.tar.gz.drv
  /nix/store/806pagpzz3xmrkz7riw0c9z2vy75jvih-charset-0.3.12.tar.gz.drv
  /nix/store/6ilffx1bb2ll04rxn7glrg00ha3pr3mw-quickcheck-io-0.2.0.tar.gz.drv
  /nix/store/bkdyqsqr5whgzpj8fqwr99y34d6pmdkw-call-stack-0.4.0.tar.gz.drv
  /nix/store/a8p845x3vjwi1qm77j7ysmjyr23fnaf9-nanospec-0.2.2.tar.gz.drv
  /nix/store/rbany7nz6nm5a47xzby445m2yj59fz45-nanospec-0.2.2.drv
  /nix/store/lr6xps0svc04kkq99dprrgcqlyahrjbr-call-stack-0.4.0.drv
  /nix/store/yj6r0kc3k4gk4zyjc1amyjp3ni2zpbp6-HUnit-1.6.2.0.tar.gz.drv
  /nix/store/r7cpfpg103krmmv0xqg3gjaak8g7vcmr-HUnit-1.6.2.0.drv
  /nix/store/a37d42vxp9fspm3q1m9zvqdygkb6yfnw-quickcheck-io-0.2.0.drv
  /nix/store/j1l97kz8z931nybhh8lxvrxwrfmpj1sq-hspec-expectations-0.8.4.tar.gz.drv
  /nix/store/nxpgm10fwhwbh1v8mgwf596p3irkbln4-hspec-expectations-0.8.4-r2.cabal.drv
  /nix/store/cx34wck0zdfjs5cdzrzwd6lb2qfg7ylp-hspec-expectations-0.8.4.drv
  /nix/store/d8njz0bwi2w1nanhs8gd1mp4v4aixfvk-hspec-core-2.11.12.tar.gz.drv
  /nix/store/1mh3i51cbq3wa3h9zq1lrayxa0527hja-primitive-0.9.1.0.drv
  /nix/store/22chh5vq96zqrqfjj49hgfqnb0cgvgp1-tf-random-0.5.tar.gz.drv
  /nix/store/mrwm5s3pyxwp1vy300b7b0hrmcvvmk5s-tf-random-0.5.drv
  /nix/store/9xfq7k1q5zy41slmjc1z38bw71gxayd5-haskell-lexer-1.1.2.tar.gz.drv
  /nix/store/x161wnfr1ygv9m4f61q60k4hx5k9w5dx-haskell-lexer-1.1.2.drv
  /nix/store/583p1pnlzlrl3l6wyzkw07ywgv25mihx-hspec-core-2.11.12.drv
  /nix/store/3bfy3yh6ahdpl0cff5fsrrjmkm0rf181-hspec-discover-2.11.12.tar.gz.drv
  /nix/store/5ggzg9iy2y7hwza7azn2gki9dlammyaf-hspec-meta-2.11.12.tar.gz.drv
  /nix/store/6rf7vnd6i1pr744cpfrf377pni93saik-hspec-meta-2.11.12.drv
  /nix/store/fn1vm38324pcz9yd7yq2mlbpy6psfrc3-logging-facade-0.3.1.tar.gz.drv
  /nix/store/8jdr2m8qrsc133mcs0xy8xzknw2qa0kn-logging-facade-0.3.1.drv
  /nix/store/fpb539vj8bgzn5w8gcci7fmnk7iqv7l6-base-compat-0.13.1.tar.gz.drv
  /nix/store/8n001xxlrhhd1irg7n8hdpl3nk2c3650-base-compat-0.13.1.drv
  /nix/store/bn00jajr36x1nsqrp9kygn6iw9qcnhhj-temporary-1.3.tar.gz.drv
  /nix/store/f1gk73gh367gkya5nqqxcd5ji88y9fjv-temporary-1.3.drv
  /nix/store/i08nrsyvzkrkl4wfpc24ipyg5sh54fnv-mockery-0.3.5.tar.gz.drv
  /nix/store/kg70gwwgyx9f91qln8rq27l4ycaxjwwd-mockery-0.3.5.drv
  /nix/store/8misndd5kkqxv42gdbgghixcv2a7k2ll-hspec-discover-2.11.12.drv
  /nix/store/c7xcx4d894vdlqagz2jjki2fb32cmx86-doctest-0.23.0-ghc-9.12.patch.drv
  /nix/store/4x0c4r50lc4vy8r2rg4w6zmb2dmgcl55-ghc-paths-0.1.0.12.tar.gz.drv
  /nix/store/bdg8p9wvsrh0vvrhs86pdynysjxibhf8-ghc-paths-0.1.0.12-r7.cabal.drv
  /nix/store/fv4200dw3zxnip6rjiz60cf6lbmb3vif-ghc-paths-0.1.0.12.drv
  /nix/store/bdmip6a02v4gqwcccmj3qmb6lb245g7x-code-page-0.2.1.tar.gz.drv
  /nix/store/jdrv0608gmqb7bi2hpmiyyz787hdaqxh-code-page-0.2.1.drv
  /nix/store/2in5cpxnjhb2yxp33lrzb9167sj8fack-hspec-2.11.12.tar.gz.drv
  /nix/store/ka5srfmhczwf6ncsr14726835i5fmisl-hspec-2.11.12.drv
  /nix/store/ks2ad9aik5ca16irb2k2mjhxwrji59ig-doctest-0.22.6.tar.gz.drv
  /nix/store/r72ga0sng9h0f8yqq5xbm0f94q1l4bbq-silently-1.2.5.4.tar.gz.drv
  /nix/store/najimwf9nz1p18nr3nj3w02303pxg344-silently-1.2.5.4.drv
  /nix/store/jpmdyf4bvj4yv5s20zmq53sx4vdq8ckr-syb-0.7.2.4.tar.gz.drv
  /nix/store/pinysdfmkslirmcqd5vjzflcr304b9ns-tasty-hunit-0.10.2.tar.gz.drv
  /nix/store/yxp458liw1v74i5ycgfgflf3bp1fa0w4-tasty-hunit-0.10.2.drv
  /nix/store/r70fg6qsqxagah7ghqbpdxcppz838ia5-syb-0.7.2.4.drv
  /nix/store/xbp2q7lm9nws85daqfxx9xilfwqcg1xr-stringbuilder-0.5.1.tar.gz.drv
  /nix/store/wpbj926jyy7fh96abp28v6sj9s6dw05z-stringbuilder-0.5.1.drv
  /nix/store/10kql2yxspyr3x7wv11z0d9qxm2fqwyc-doctest-0.22.6.drv
  /nix/store/3jj4iqc8iw3cpr2ivq2jq0imr9frss0c-vector-stream-0.1.0.1.tar.gz.drv
  /nix/store/c64zyrxfijqh82s51rzj5a1vjs8vbsrf-vector-stream-0.1.0.1-r3.cabal.drv
  /nix/store/1yc7y38vn53hfyazwdwdd38ihyasa1b5-vector-stream-0.1.0.1.drv
  /nix/store/qnq4gqsa9pyl58kjvhprw7kmx5i0lw94-base-orphans-0.9.3.tar.gz.drv
  /nix/store/2l4yxj3hb3fa8pjjp4hayqxj7xca989j-base-orphans-0.9.3.drv
  /nix/store/mma19plxwzqxvh2fjnsqmqc6zkv5vnhf-vector-0.13.2.0-r1.cabal.drv
  /nix/store/92azdn651zbf6yv3dqmps22cq9x3h2nc-tasty-quickcheck-0.11.tar.gz.drv
  /nix/store/369gh027hqkzv1434qziaxhicf7hrfcg-sljit-ppc-icache-flush.patch.drv
  /nix/store/62mfpxq7mih17a6591zj48h5jlwc209g-pcre-8.45.tar.bz2.drv
  /nix/store/7a15i38ck28asp9s2afw1rf1qpkjmr2l-pcre-8.45.drv
  /nix/store/9cn4709vwk1h4480i4f7nxdrrjns8hmz-pcre-light-0.4.1.3-r1.cabal.drv
  /nix/store/n95gqrz7y7b10wa24gpl9mi74bk0mkmp-pcre-light-0.4.1.3.tar.gz.drv
  /nix/store/9hzzc05l0rlhzi5rgyxpnnslh68b7nvi-pcre-light-0.4.1.3.drv
  /nix/store/xbmlwl3l4l6a6slpz0rlmks0x39al344-tasty-quickcheck-0.11.drv
  /nix/store/ywiqsj6v8dvfp4cgw76i69j19n5cf21v-vector-0.13.2.0.tar.gz.drv
  /nix/store/2gmz0bizyy3h1dmkqwfaimia7w70a1dj-vector-0.13.2.0.drv
  /nix/store/7p3lxi43jqci1f8ampq021ghv32cicgd-tasty-hedgehog-1.4.0.2.tar.gz.drv
  /nix/store/53b003jagz0dpw1rqp3bjfnqa0fxvg2a-mmorph-1.2.0-r3.cabal.drv
  /nix/store/885dckfxsjf7mcv8v6f3x81dqin8zjsb-mmorph-1.2.0.tar.gz.drv
  /nix/store/1jx2l0ffjamvjnkwwc162km8qfv31r0z-mmorph-1.2.0.drv
  /nix/store/23wwygfk5kgvjkbp44y243y0j66bpfic-prettyprinter-compat-ansi-wl-pprint-1.0.2.tar.gz.drv
  /nix/store/q8g8vags939fchfjv3adjn4az8x4z660-prettyprinter-compat-ansi-wl-pprint-1.0.2.drv
  /nix/store/qqsnpypc82p9a9hrq0izjkh79dh1zbj3-ansi-wl-pprint-1.0.2.tar.gz.drv
  /nix/store/43idg9ba2wcx8w53mpsmiq66iy8r41bx-ansi-wl-pprint-1.0.2.drv
  /nix/store/fdd11ldmjbq6x0jzs7x30qaqy2b2ybxs-regex-base-0.94.0.3.tar.gz.drv
  /nix/store/9zd1f9gx7f44lqcpania0xympl81z5hp-regex-base-0.94.0.3.drv
  /nix/store/hnxzdijj5d7yqhlg1hvhrdfhhckkc3f3-regex-posix-0.96.0.2.tar.gz.drv
  /nix/store/59xa7ws5lcv88a11lxiijz757jvq0cyg-regex-posix-0.96.0.2.drv
  /nix/store/9x9hyk8k7kh3jg7jws1p5h43clklq504-xml-1.3.14.tar.gz.drv
  /nix/store/lq7icq4iaay23sxplxxnk8ad0zb9x5lx-xml-1.3.14-r2.cabal.drv
  /nix/store/5xpxd1xh00mg1z344hxy54m55l6ryz7k-xml-1.3.14.drv
  /nix/store/y7zpq4a7ppvm090nm8glm33asild37qn-hostname-1.0.tar.gz.drv
  /nix/store/fssscply3z22gm15k4kskkrqyiy99ldc-hostname-1.0.drv
  /nix/store/d7gldc3ipv44xxzir9m2q57flncs7bij-old-locale-1.0.0.7.tar.gz.drv
  /nix/store/gh23gz53994kvxgzrz1zwbw9m6hf1qj0-old-locale-1.0.0.7-r2.cabal.drv
  /nix/store/gc6f824l4z5blwmm7n8sdrq5d7l1x4kl-old-locale-1.0.0.7.drv
  /nix/store/sga54sx8z0xi903m404qilcii2qnqja1-test-framework-0.8.2.2.tar.gz.drv
  /nix/store/1wss69h9xwhj1xvacdqkqqg4f6nl6l44-test-framework-0.8.2.2.drv
  /nix/store/4863yg2yya6bh5wakr0mpqi2kbsmih69-async-2.2.5-r3.cabal.drv
  /nix/store/5r3qy0kl19zmd3vj7fhhizwl77bl8w47-async-2.2.5.tar.gz.drv
  /nix/store/6i6c779nc2mwbyzdb4zhyiplsj4kjg2b-extensible-exceptions-0.1.1.4.tar.gz.drv
  /nix/store/3pwkm6rwv7k4fzgkgi3fbznzw74aqkid-extensible-exceptions-0.1.1.4.drv
  /nix/store/jrqayaqlan6wgi97b1vv3x7klps5kx5g-test-framework-hunit-0.3.0.2-r3.cabal.drv
  /nix/store/lvssn8727a72x7crrg01jgx8w0d7wv9p-test-framework-hunit-0.3.0.2.tar.gz.drv
  /nix/store/lja3pv185kr9skjwvx2i0zrzrih68kr2-test-framework-hunit-0.3.0.2.drv
  /nix/store/ls24zvdzvhi67949wsm56p13b7s3bmpj-quickcheck-classes-base-0.6.2.0-r1.cabal.drv
  /nix/store/ndqj3i00jpxjhy3dqbxlxz00k2l4242n-quickcheck-classes-base-0.6.2.0.tar.gz.drv
  /nix/store/3jx3xv77j26spiw11kpwfvscvnlkkpnw-quickcheck-classes-base-0.6.2.0.drv
  /nix/store/nwsqkyh6142xs9mxfk6hsxx24wvdy8nd-os-string-2.0.7.drv
  /nix/store/sq3z8w187lzra02w7vkxb6876g3cwp9n-jailbreak-cabal-1.4.1.drv
  /nix/store/ssfa6k3c7vl9jjvp2r290qmrskpd5rbh-hashable-1.4.7.0.drv
  /nix/store/714r9sqr1j4sjixn0zk7hkn5xn2gmi66-async-2.2.5.drv
  /nix/store/ggqg47zgnr6ki56nqbvbgk02ypaa04fr-lifted-async-0.10.2.7.tar.gz.drv
  /nix/store/ba2l4plb6bzjp084cy0rlwaq6058gljm-6b61483ec7fd0d5d5d56ccb967860d42740781e8.patch.drv
  /nix/store/79lsbhmdm2x6hlx8g8jrvvmf298bkyza-transformers-base-0.4.6.tar.gz.drv
  /nix/store/vmqf50563cabd8xdvwba3h7mxgwxar34-transformers-base-0.4.6.drv
  /nix/store/xq181645xfrz2qwgbngnbsgw2kynzm94-lifted-base-0.2.3.12.tar.gz.drv
  /nix/store/lvwn4nfbm51ajqb0kf0244vmr4p0kd3n-monad-control-1.0.3.1.tar.gz.drv
  /nix/store/zzzprspi30s0nmj3k39fyf92yfpsjqf5-monad-control-1.0.3.1.drv
  /nix/store/hryan8ixm758zpjq5vj8clqzh8x073h7-lifted-base-0.2.3.12.drv
  /nix/store/5s2pkxq6ipqaw24hdhk4v1k72aabgj02-constraints-0.14.2.tar.gz.drv
  /nix/store/hba1xp52mm377fwji0kvxph9m4bjbhky-boring-0.2.2.tar.gz.drv
  /nix/store/va62qb4lsmd8b1qs93729i262i3lmkvb-boring-0.2.2-r1.cabal.drv
  /nix/store/c729r68j557qj2vwa1clas5gbdb9h6wv-boring-0.2.2.drv
  /nix/store/swsjwbk7hnhji035p00gjbacfhw8lqfg-constraints-0.14.2-r1.cabal.drv
  /nix/store/jirjb8nnplpf1j95li4zf4iqkmvdvx97-constraints-0.14.2.drv
  /nix/store/40cw8s9hzdnjxfnpqga2xl81cb8l9xfb-lifted-async-0.10.2.7.drv
  /nix/store/56w996lrk0aq7b5lcxwfz3lrsca7vjv7-barbies-2.1.1.0.tar.gz.drv
  /nix/store/4vmbj6whma0l2c6cg2i9z2nc5cg7npx9-distributive-0.6.2.1.tar.gz.drv
  /nix/store/hnqnbx6m81gnmsjrnh9i1c38k5dx2yd7-distributive-0.6.2.1-r1.cabal.drv
  /nix/store/41557ch6c55gw60jjviaddcyxrn65hk2-th-abstraction-0.7.1.0-r1.cabal.drv
  /nix/store/phh1kycfsz1sp56v4yygn91r6bgvg8x9-th-abstraction-0.7.1.0.tar.gz.drv
  /nix/store/d4iacqn2pia7i4vkg8b4mybrx5a14pdd-th-abstraction-0.7.1.0.drv
  /nix/store/qyz7jplh1nbl63cpmqwim7ms5qps7ks4-generic-deriving-1.14.6.tar.gz.drv
  /nix/store/y7h330sw7sk6q1z2aqcagbs3isv34rms-generic-deriving-1.14.6-r1.cabal.drv
  /nix/store/wz5mzmpif73n68v4qi8nzxdv1kf531ms-generic-deriving-1.14.6.drv
  /nix/store/p7dcjjq277534vif4rkxx5ib63g9glpf-distributive-0.6.2.1.drv
  /nix/store/50ybbr4iclsck432j6bp5j0syd7plx34-barbies-2.1.1.0.drv
  /nix/store/xqjfiqya3nfnsgvxainqxxb615876rg9-void-0.7.3.tar.gz.drv
  /nix/store/0mw4r7fyim1pkb8aqpkzzhz067v5w0ci-void-0.7.3.drv
  /nix/store/2k0y99pahz5lzgl6y0vqp5gw3rbdbfgj-safe-exceptions-0.1.7.4.tar.gz.drv
  /nix/store/bfykcc2ainq2kbp3b7l97748hwhnbra2-safe-exceptions-0.1.7.4-r1.cabal.drv
  /nix/store/g4g01gfglml65iqyqlpzbaw6q4yln0fb-safe-exceptions-0.1.7.4.drv
  /nix/store/078xnyx12hfizhcgdcs33a0m3x5fpafq-wl-pprint-annotated-0.1.0.1-r4.cabal.drv
  /nix/store/3fslpj9qddvaj7sqza80bh0xhbn2p5yj-wl-pprint-annotated-0.1.0.1.tar.gz.drv
  /nix/store/hg0k4rg95cnvkp83h8w6yvil837z5fvi-wl-pprint-annotated-0.1.0.1.drv
  /nix/store/q7kwxxpmqcpyx755wl0jjxn13nbnv0n6-pretty-show-1.10.tar.gz.drv
  /nix/store/rr9lnvip3xaqayf68c2xb7r2sin1g5gw-happy-lib-2.0.2.drv
  /nix/store/rhhai0damq6j7pj4js5f3y50qf38rkj7-happy-2.0.2.drv
  /nix/store/hz9d6ifb38mb1z7gkhz5pgrq5z950yq3-pretty-show-1.10.drv
  /nix/store/0j2i6h81j8wj2998py76k2bhg56zdz6c-concurrent-output-1.10.21.tar.gz.drv
  /nix/store/3mk4l69zdfkcphhiz14nz03wz1sqhmll-terminal-size-0.3.4-r1.cabal.drv
  /nix/store/p0fvjbiyl051x6gr97jhjpqg9vhdxb0r-terminal-size-0.3.4.tar.gz.drv
  /nix/store/dcggmz8q9z0c94l7wmzds8j5mb4j48js-terminal-size-0.3.4.drv
  /nix/store/l0yx25wg4lyp48q2yw3pg8kp9vr08d2f-concurrent-output-1.10.21.drv
  /nix/store/nl8m18shr666n1ww20d5gcc0s37fajy5-hedgehog-1.5-r2.cabal.drv
  /nix/store/8mw94i1n43abvpy15b1hvdmz4546p6zn-resourcet-1.3.0.tar.gz.drv
  /nix/store/4njfs9fhnl3vxifs70rvbcxx3plmdzbg-unliftio-core-0.2.1.0-r4.cabal.drv
  /nix/store/969bsx0wz76fq32pgmbliyb0jq51j1la-unliftio-core-0.2.1.0.tar.gz.drv
  /nix/store/wfzhvazg875ppyci8msjhlynfy6dc8dw-unliftio-core-0.2.1.0.drv
  /nix/store/qj2sz8gz5fv9xvqiaif0swyr1dldyj4d-resourcet-1.3.0.drv
  /nix/store/g8yia3sj0fwjfjfgbkmljki3r9dsmsfd-erf-2.0.0.0.tar.gz.drv
  /nix/store/qnnxgzpjm5d0c7byfimcwdd9qz9caj8b-erf-2.0.0.0.drv
  /nix/store/xmhyyym8nziwx307c24bi708b0xvnshy-hedgehog-1.5.tar.gz.drv
  /nix/store/l36nyax1m2ag80aga7dgjjh48mszng83-hedgehog-1.5.drv
  /nix/store/wwh5whq4igvwp4kjalhj6r6ld1ashxrq-tasty-hedgehog-1.4.0.2-r6.cabal.drv
  /nix/store/4k8wahqwsb1bq39r8viybr146wjbaws2-tasty-hedgehog-1.4.0.2.drv
  /nix/store/da1gpvxiy3yvs7vl87ly281n0mqq8rx4-nothunks-0.3.0.0-r1.cabal.drv
  /nix/store/57wzpwrbbkhfj92513v5m6wnhfb2cp8i-wherefrom-compat-0.1.1.1-r1.cabal.drv
  /nix/store/asn9m8pzvcaqc2g8y5mh9nxw5zfkm6nr-wherefrom-compat-0.1.1.1.tar.gz.drv
  /nix/store/rbqdn72qvggvk18mp732wmqx3p6v97wb-wherefrom-compat-0.1.1.1.drv
  /nix/store/xgk3h3mdgf07paygqn2nabxzydl8ihva-nothunks-0.3.0.0.tar.gz.drv
  /nix/store/2wir1mb208k7gpqyvcqlim82azwqckzh-nothunks-0.3.0.0.drv
  /nix/store/sjff47d4gkbrm44jfiarn8i126jzqsdc-ChasingBottoms-1.3.1.15.tar.gz.drv
  /nix/store/yhipi7x1knspzkxgiavczpsiyr77cdam-ChasingBottoms-1.3.1.15-r2.cabal.drv
  /nix/store/ib6zdjb18rvps9bb316kz908il0yhw35-ChasingBottoms-1.3.1.15.drv
  /nix/store/m5649dwzw5rxxvlgz3y7j86pqbrq65g1-unordered-containers-0.2.20.drv
  /nix/store/06h3v6ck4wl9rwif0377glr1j74g2bri-charset-0.3.12.drv
  /nix/store/r6ayin4kmfzri3ifv915h096bk7gf5mn-StateVar-1.2.2.tar.gz.drv
  /nix/store/0j0vdh2njf43h7w76nvifrzmrpd76v15-StateVar-1.2.2.drv
  /nix/store/1d3ilky70wcac79zn560ipf247sn3fsq-invariant-0.6.4.tar.gz.drv
  /nix/store/fl36l1nc0aiqh56x72vxc0nq81mv365i-contravariant-1.5.5.tar.gz.drv
  /nix/store/7g1g1i43qm6wzfrjr83kahxz2xmfdgxq-contravariant-1.5.5.drv
  /nix/store/gxxccrzsn20r73gdcd4hlp693jckr3qq-profunctors-5.6.2.tar.gz.drv
  /nix/store/r9r3ld5p76qmw4vm2h2a9jbcm6sgz9y0-profunctors-5.6.2-r3.cabal.drv
  /nix/store/1x3sz38bpwd92yjfxp2jj5wlz28s9kf3-bifunctors-5.6.2-r2.cabal.drv
  /nix/store/478v66vhpjp5q6ml3sxchmwq692bra15-bifunctors-5.6.2.tar.gz.drv
  /nix/store/4n8l8vzaa58vja8c0xz0w9a7qbz01yr8-assoc-1.1.1.tar.gz.drv
  /nix/store/hrrq25lwrfmvf6nbg0zwimr9bkrclwzx-assoc-1.1.1-r1.cabal.drv
  /nix/store/nkp0fw37yzpinadh6y8nf9jpxf8pldnm-assoc-1.1.1.drv
  /nix/store/5a46bmq21xd3ga5p3cp6xvi21r2hwzx9-comonad-5.0.9.tar.gz.drv
  /nix/store/j1vw1rqbixy54qrisyiickk0y4cczmhi-indexed-traversable-0.1.4.tar.gz.drv
  /nix/store/p6sjhxa9cp7sbrjsx6393zbnkkyic19d-indexed-traversable-0.1.4-r1.cabal.drv
  /nix/store/62r5ivy0r0bp86f0303wmckhhznqdwja-indexed-traversable-0.1.4.drv
  /nix/store/sv61fzaq152c87cl26xllhwiarfmb0ya-comonad-5.0.9-r1.cabal.drv
  /nix/store/wn69ldm65f7n7sjihchixj3w1bsm78b7-comonad-5.0.9.drv
  /nix/store/vsaq10xidp396idb1llg0caci6qjqp0l-bifunctors-5.6.2.drv
  /nix/store/bdbjdhdsn5nc0d6vb6s97i0r407l86y5-profunctors-5.6.2.drv
  /nix/store/gjv7inxjjjgb5sy1gh69yfyhpm79lsb9-invariant-0.6.4-r1.cabal.drv
  /nix/store/06w7wabvgh4ms76f3a4kwwnsbv9hm8hc-invariant-0.6.4.drv
  /nix/store/091zik3v9ir3qg0zc7qb482hm3mcgaln-alex-3.5.3.0.drv
  /nix/store/zf5k1g29d6rmmm7vl9v7d1b4lg2y01f4-logict-0.8.2.0.tar.gz.drv
  /nix/store/pqibqmjwgb0vdc5x371vbanfwnjcw48w-logict-0.8.2.0.drv
  /nix/store/sr7lx6ymzcjflzq74svpxvb829jyzq30-smallcheck-1.2.1.1.tar.gz.drv
  /nix/store/0a760rrbh0nsy2lwaiz982shapys0kxl-smallcheck-1.2.1.1.drv
  /nix/store/pvhpldphh6cr8wj9nwsya42sll3vdxka-source.drv
  /nix/store/rim6kdd3d42fw2phgcsvm5l9d1rx0zsj-smartypants-3.12-compat.patch.drv
  /nix/store/347f1wvpjranbzabvpzac8kapwhd8qag-python3.12-smartypants-2.0.1.drv
  /nix/store/brwlm1x42k48f7qzhyiqd0i0msbrlvyl-typogrify-2.1.0.tar.gz.drv
  /nix/store/0czxga66djaga4hh6si8b34hibkyn0z8-python3.12-typogrify-2.1.0.drv
  /nix/store/g07b3q5bi05z93qmvzgizwxzpjqazs88-xtrans-1.6.0.tar.xz.drv
  /nix/store/180k5alajjnw8j2rlrxfz4m0h4gblhx1-xtrans-1.6.0.drv
  /nix/store/3kqdakrmngwgw1l41jm6lhb22agm2lpa-libX11-1.8.12.tar.xz.drv
  /nix/store/83a508s5bx6hk6z2rbnw9j7j9s01yy0w-libX11-1.8.12.drv
  /nix/store/iqh253r4l2x5skflkclja7kmajpw0sf5-libXrender-0.9.12.tar.xz.drv
  /nix/store/84h9xmzhq5vhw7vj2pjjc2wdw3dkr941-libXrender-0.9.12.drv
  /nix/store/jdyhmq9yr13yxmbgfz9jchjyzc8yyk4h-flatten-include-hack-hook.drv
  /nix/store/mkn5yhmk10c9d0wyirph6jsbx8ghbpia-freetype-2.13.3.tar.xz.drv
  /nix/store/1vvsrx7pg02y32xgw00rb7bjiz4kq9yz-libpng-1.6.46.tar.xz.drv
  /nix/store/q1g7vcq3k708chqqd3572k9l7ch2lc3d-libpng-1.6.46-apng.patch.gz.drv
  /nix/store/xs3kcaf01dggawc202j7506knn0hf0y2-libpng-apng-1.6.46.drv
  /nix/store/9bi23v5czdd4v3fd6n43znc7vs9vkj8s-freetype-2.13.3.drv
  /nix/store/bvy495sjx618l0phcaspgv3wfvgfbs50-libXft-2.3.9.tar.xz.drv
  /nix/store/gli0xgl7zxf1wchdz6k8hfl14rxmlx8w-gperf-3.1.tar.gz.drv
  /nix/store/49vvjivvp24fkg0630n0z33v04nagzxz-gperf-3.1.drv
  /nix/store/1w6k1via2hxb9fp7na0mxniqsg6x65y1-source.drv
  /nix/store/cpjpni8cm3hyfc1mgd1gq4nl35g83b6q-IO-String-1.08.tar.gz.drv
  /nix/store/lzslr1d0vfggp0aa0w50ga4lfxaar772-perl5.40.0-IO-String-1.08.drv
  /nix/store/malyhm10n3f515p93dp4larcdplvc97c-Font-TTF-1.06.tar.gz.drv
  /nix/store/mnv734f4lqvg56q5ly58cbw5yd9c56wh-perl5.40.0-Font-TTF-1.06.drv
  /nix/store/0y6fd5g56szd3ar4k34hc3iz33m3xkh2-update-translation-compatibility.patch.drv
  /nix/store/alxnyyb9bfnk10akqiwhn064s07pz0d5-source.drv
  /nix/store/dzhkpzkgvlvy9h1slad3mc3aqb9ghx1c-nasm-2.16.03.tar.xz.drv
  /nix/store/dffxip4agxz1g96y3phspq0acxnhbs1g-nasm-2.16.03.drv
  /nix/store/1fdhxsm9zqdabgrwv6kwahmk6kgiac28-libjpeg-turbo-3.0.4.drv
  /nix/store/akvjip6jyn1wn2nbnphjv1ssk4karmkd-source.drv
  /nix/store/1f0266lmvmsw8c9w2i7a6yglw1avjnww-libsodium-1.0.20.tar.gz.drv
  /nix/store/ik38hbppri1rq2r5r9c33jhil0g7pjfl-libsodium-1.0.20.drv
  /nix/store/raj85i63d8wvr0p1qypdlg4a5dhrb86z-source.drv
  /nix/store/ca0i9s4r8d63mcr26bdxf0xs4bxps8z0-zeromq-4.3.5.drv
  /nix/store/cmbhskgh5ddmv3kn9d1j8gmgscnyynac-modern-python-initialization-api.patch.drv
  /nix/store/fwpknr9r8a7jq5c9pnnd0pz3hgridrxj-CVE-2024-25081.CVE-2024-25082.patch.drv
  /nix/store/ahhzp3ypg983jywz4kzjs46q980cpp0b-source.drv
  /nix/store/gjvjl98909gxvlwz133jds0lrrs4y4j6-uthash-2.3.0.drv
  /nix/store/d428x5a69il5i176v3d34d55ay864wxd-source.drv
  /nix/store/imjn33njrmjfq2g89d2ypwas75rykwjp-woff2-1.0.2.drv
  /nix/store/jsnpdmvx32qmlf609cn42p6raii21p4w-replace-distutils.patch.drv
  /nix/store/dqd87284w8jkc7hjb4xghq71fvksgx9q-source.drv
  /nix/store/b0snbr1dz787d185n0dsdiqh3d4clngi-libdeflate-1.23.drv
  /nix/store/c2yfqfm7nj9qqq9v8da4chil9q7fv5wr-source.drv
  /nix/store/jdaxygvxij2mgj26ym8ayjn8f6b1jl6c-use-cmake-install-full-dir.patch.drv
  /nix/store/hyxvrmizj69yyz5bfk5wac2bvd33r5bc-lerc-4.0.0.drv
  /nix/store/6mndd08k980j22bhjf04pc30nkvb9dc0-source.drv
  /nix/store/2rpyrmaflmb8y71iyxx18bq19nsx7y83-giflib-5.2.2.tar.gz.drv
  /nix/store/yrs6a237ll94mkxzrkxvsn55gjr5j3lm-giflib-5.2.2.drv
  /nix/store/ja3v43y66cwadgwgvi0g24gc28mn0298-libwebp-1.5.0.drv
  /nix/store/xpvj121fxg654av8yqpbg88d3771b7mq-source.drv
  /nix/store/r422fignc0bh40bshgpmxgh0p8d29kw7-libtiff-4.7.0.drv
  /nix/store/21hb2db0jdsr953yjmx2ymkzh1hw7d0m-raw.drv
  /nix/store/79kk95903lhrqdigpyi1yg5v58r9d419-0003-libselinux-restore-drop-the-obsolete-LSF-transitiona.patch?id=62b9c816a5000dc01b28e78213bde26b58cbca9d.drv
  /nix/store/hlb2n77447l0v8d987mfv63pxpn2ny5v-libselinux-3.8.1.tar.gz.drv
  /nix/store/7swv8d54fpvr7l8qh8i2fnsw8irqr6rf-libsepol-3.8.1.tar.gz.drv
  /nix/store/wsw4sggkg21c8kw5630q8vzidr1xw944-libsepol-3.8.1.drv
  /nix/store/1fkc44imljg927yrafwsli0n2a4hv0ny-libselinux-3.8.1.drv
  /nix/store/8j818fgr77x6hvr5zs2rir449dswdc19-gi-docgen-2025.3.tar.xz.drv
  /nix/store/lvzlw1nc37xcxfam90kn097aplj0081h-source.drv
  /nix/store/s6mmr310yiiq1z1vf3zk5054dlgx6r7c-source.drv
  /nix/store/b5y86zjpvjhrxcq2lshlpw8xgcah1i09-libyaml-0.2.5.drv
  /nix/store/lh3a1km2hvfzmyzp6w3dx8dnxzjpk18d-source.drv
  /nix/store/p2zjadypzw5mi063rinhqd3xf1frarkh-python3.12-pyyaml-6.0.2.drv
  /nix/store/zn3yvn05v8gk0nfzrw8ddyhmwdv03mak-python3.12-markdown-3.7.drv
  /nix/store/39wdhy5mwn5g516ji7a8w70shl9114kn-gi-docgen-2025.3.drv
  /nix/store/f07pgl8fmzra47ivnwblnddhpydfrz8z-sysprof-48.0.tar.xz.drv
  /nix/store/6p3nn0dciqq299yjvfwqfbyda6abb0qy-libsysprof-capture-48.0.drv
  /nix/store/r3c3m6wnw9w5iwk1s43p4jspan285dv7-systemtap.drv
  /nix/store/8app6fdky4ww8r62zih90asnsczmasaj-libsystemtap-5.2.drv
  /nix/store/hwpfss4cqk1yd121l1shs4a657hvszh4-glib-2.84.1.tar.xz.drv
  /nix/store/3cgyqh26qgasab3b1x7xxb150pr6b8k5-cpio-2.15.tar.bz2.drv
  /nix/store/m3d364l8pyxblb29hb85qs9chklvvic0-cpio-2.15.drv
  /nix/store/csnkgzwlf0wnrgzxn7i9f5gilssdcygm-systemtap-5.2.drv
  /nix/store/ihwb78pvri5a7wfm46nhkzyh0g2mjc5h-source.drv
  /nix/store/z9ljlnqp345lbxcbm4747rv5x1426q6a-python3.12-pyparsing-3.2.3.drv
  /nix/store/ybm2mjqay3prnjjdf8fjykfbsnx5ypik-systemtap-5.2.drv
  /nix/store/4vrvgdrhww2avn8jdjiadmb8fi805l8s-glib-2.84.1.drv
  /nix/store/sb2ki0i0cmyqj67405mi2rhwfpjqw9cd-lndir-1.0.5.tar.xz.drv
  /nix/store/6pnildrkmmmvnvgzn83vlp3rr6hy67bc-lndir-1.0.5.drv
  /nix/store/dwp20874c8ff16xqly0h27xsm4h901rk-builder.pl.drv
  /nix/store/y8smqxmy4y1rpbxzy52kgfjzq4ikplf3-mock-5.2.0.tar.gz.drv
  /nix/store/7j0lv4y1bd446808x782ks1hvql43cvh-python3.12-mock-5.2.0.drv
  /nix/store/9klb0giqxrw3hz81nd34kfwap1b5mgb0-source.drv
  /nix/store/7v7yh4mbv66z12k57wag3x645sjmg3z7-source.drv
  /nix/store/1i4ybzx6jazdv0wxcjh8945b9fdzmfay-python3.12-click-8.1.8.drv
  /nix/store/k4h2m81h3pvg73pzwaiynljxw58dbqjm-polib-1.2.0.tar.gz.drv
  /nix/store/4xapkz5qg91l5zpy2ypgyrdfmnry3akl-python3.12-polib-1.2.0.drv
  /nix/store/53mdajpqc1fa93w336df22z5azmmpkwk-lingua-4.15.0.tar.gz.drv
  /nix/store/fgbihig8bnp1fs9inqyakyzx58838754-python3.12-lingua-4.15.0.drv
  /nix/store/hixfmd8brjf2szzv7m3abdlmg3vwhdbr-source.drv
  /nix/store/hx31a9r640ivpr0c0bygi67q6sjml1r3-python3.12-chameleon-4.6.0.drv
  /nix/store/laklg7q2ldg1q8jfrszpaw4hla6adf7n-python3.12-mako-1.3.9.drv
  /nix/store/ra3rm0llchgibynaanjk91kdwiv7wjzl-python3-3.12.10-env.drv
  /nix/store/rlby3cybn264jrzn4hw6wy12bnc2w1vf-gobject-introspection-1.84.0.tar.xz.drv
  /nix/store/ya0q46hdans3h9sdr1m8qkd3gaa4jfmc-absolute_shlib_path.patch.drv
  /nix/store/ahy60k8q8f1y7px2g0sgqzwibfrnknir-gobject-introspection-1.84.0.drv
  /nix/store/j8k236kwjsfpd6k07l2fick38m3x5cb7-gobject-introspection-wrapped-1.84.0.drv
  /nix/store/s37h1sl5na1fr323j9mmxj7mlxiylsp0-glib-2.84.1.drv
  /nix/store/snk29mcapkk8149gjaiskxxxw0ddynlk-python3-3.12.10-env.drv
  /nix/store/x9dm8vpyqb7vba26sxfbqvk49x2ghrv5-set-python-sys-path.patch.drv
  /nix/store/p0b79wmdg2vjvdk1b8dqgdys2wpwh0vj-fontforge-20230101.drv
  /nix/store/w5b8ch5s1nj0nx85jz8h15qspd3zq9s9-dejavu-fonts-full-2.37.drv
  /nix/store/b7s4hm3yj22hc8c02m2i9c8pbf42q7h1-dejavu-fonts-minimal-2.37.drv
  /nix/store/r6pir9q0gd22525vn0r6jf7biswp5lw3-fontconfig-2.16.0.tar.xz.drv
  /nix/store/q9fgag34vcqwkyn6v22lqc2211h3v7gn-fontconfig-2.16.0.drv
  /nix/store/0h6fcbmrrk8k9l9773l64zfxbr7b0wjr-libXft-2.3.9.drv
  /nix/store/2bv7x1k7z647qm146j8l0bhjwlg4in54-utils.sh.drv
  /nix/store/5wn5ih4qmj75kgb6r23503jz6ar9sg23-lua-5.4.7.tar.gz.drv
  /nix/store/5m2w5n0cdjw6hws1canzmih9il51li3c-lua-5.4.7.drv
  /nix/store/r6fqjdavfag5zdj3dppy084g2p1xjm0q-lua-2.3.3.tar.gz.drv
  /nix/store/c5a97i3wwlhfpmirdaicd29byw932nd9-lua-2.3.3.drv
  /nix/store/vz9hpyk3jkkd1ql5x7mb82ziyywv7fd4-lpeg-1.1.0.tar.gz.drv
  /nix/store/0hsl1vpdw1ks6p5k5hqi2prrpndkvvdj-lpeg-1.1.0.drv
  /nix/store/wqd84nkfbxkhnvgkjl8wvlzgprlwnhb7-source.drv
  /nix/store/708sbrripdhmshsmw5rwiwpx0p48zval-fmt-10.2.1.drv
  /nix/store/l32zi90n3p294pll35kzylgxk1g7lkcp-source.drv
  /nix/store/v40ng7g54bkgbg5xn9zbz66mdwqrj07k-source.drv
  /nix/store/ns0fvkpjmv9mn087a6k29g1z2z7r6njz-catch2-3.8.1.drv
  /nix/store/j6r3prfwmpabycqqpi0jpb0lc14wx8s9-spdlog-1.15.2.drv
  /nix/store/n7wg4v57x096whs0v2gs46fgmwrs35b2-source.drv
  /nix/store/0id7j3qgf2figpf1njd1z4hnan4bbbzz-doxygen-1.13.2.drv
  /nix/store/pd6mnng2nj2kmps9n45n3pq5pmvrd204-tasty-kat-0.0.3.tar.gz.drv
  /nix/store/4n6lshdbs1d74m86rjsgc6v6pji3kg5b-tasty-kat-0.0.3.drv
  /nix/store/35fyxziim0p9x2y2vixshk4bn818fz20-memory-0.18.0.tar.gz.drv
  /nix/store/gask4iv3acrfgqkkvqivqr5wd31i94mg-foundation-0.0.30.tar.gz.drv
  /nix/store/rxl1acv16mj8n9q4fpyp9r88xpqk77hd-basement-0.0.16.tar.gz.drv
  /nix/store/q4jvkjxgpa5qs9jkxlkapqczxjh7fz6g-basement-0.0.16.drv
  /nix/store/cqf4mhwg1c45rmcrgpv8rcbhvf52xdma-foundation-0.0.30.drv
  /nix/store/i5dnp9lrw1s54j53igk29b4jzalzj30f-memory-0.18.0-r1.cabal.drv
  /nix/store/8pxlh7m1fsp7814s8y5gnc50fkh7g968-memory-0.18.0.drv
  /nix/store/n376pryy0fm7xf6zbq47bssrj1jzyyjf-crypton-1.0.4.tar.gz.drv
  /nix/store/5wkr331qy0pcfyjdwywmm35mq24ij8jm-crypton-1.0.4.drv
  /nix/store/6gcdcka22iv0j3ga7slzs8ykkmxazbds-pem-0.2.4.tar.gz.drv
  /nix/store/nha35yv2dhfv2vyq7lh0b50hplhawh8b-test-framework-quickcheck2-0.3.0.6.tar.gz.drv
  /nix/store/n6iavhg012l3wa8maymmxjl83yibsrwb-test-framework-quickcheck2-0.3.0.6.drv
  /nix/store/60dxpxdk27sbyrai7073z6xkxp2l6qdw-pem-0.2.4.drv
  /nix/store/b2mrbr58wq9xwj1diir7k38by1dg7i6j-asn1-encoding-0.9.6-r2.cabal.drv
  /nix/store/4cas5bdd9lmmqrzr6c327nlfxsp0h69j-hourglass-0.2.12.tar.gz.drv
  /nix/store/hvi14wvxjdrwjlfq51ry82l4pcc13gmk-hourglass-pr-56.patch.drv
  /nix/store/lwmbjc5mhiy1pgc5163sabvcvhpc3z44-hourglass-0.2.12-r1.cabal.drv
  /nix/store/vh8xy7gpg3c39r47642n5i6n1cdv4a79-hourglass-0.2.12.drv
  /nix/store/w7sp75j1lfcxhbahlsnl88y749h4jpnr-asn1-encoding-0.9.6.tar.gz.drv
  /nix/store/h28psq73p64m6z3439cbnbnvdc049rh9-asn1-types-0.3.4.tar.gz.drv
  /nix/store/yjxwm7hsqw2gcz6qz3x9ppsgscm8kaic-asn1-types-0.3.4.drv
  /nix/store/8pb6w5ygiz0dy73px85v0c500vwis4w4-asn1-encoding-0.9.6.drv
  /nix/store/bq0z3svyvlmdsh0cf42kyhlyn0yv2k39-crypton-x509-1.7.7.tar.gz.drv
  /nix/store/jl8lxd88rr5nl8ma4fjgx286mm78y4yp-asn1-parse-0.9.5.tar.gz.drv
  /nix/store/j702fj941c646ckhb1fya91hpikrx8ws-asn1-parse-0.9.5.drv
  /nix/store/2r87sf7cliwz4la7k47j043w4pawm3sb-crypton-x509-1.7.7.drv
  /nix/store/8rj4ibrgzcm3dqzfl1azrhn2y8q3k3a8-half-0.3.2.tar.gz.drv
  /nix/store/94mvbwzzp4r815s7fp0dmazapms5dmkc-half-0.3.2.drv
  /nix/store/cfr8bh7icyqijp1va5ac9pg25fr0ssbj-cborg-0.2.10.0.tar.gz.drv
  /nix/store/25kwvhhww7d8m6sarq6v9rzyd1wyg62a-base64-bytestring-1.2.1.0.tar.gz.drv
  /nix/store/ylsl9511xssmr5ggdwa92kyviijs5qz2-base64-bytestring-1.2.1.0-r1.cabal.drv
  /nix/store/djbair0nvavjgk21c2xgr5hs32kj1s5s-base64-bytestring-1.2.1.0.drv
  /nix/store/fszgg6qf9pam2475ay7nqin1qqsnmxc0-cborg-0.2.10.0-r2.cabal.drv
  /nix/store/hcdzr3qm8x1ak17v0cpzk5xa2a1hn3mi-base16-bytestring-1.0.2.0.drv
  /nix/store/6di36xga1zng7sj8pwsdws02bymh2037-integer-conversion-0.1.1.tar.gz.drv
  /nix/store/q313zhv5ld91vgy7acd8jmnai4rp59s1-integer-conversion-0.1.1-r1.cabal.drv
  /nix/store/29nqqps3albf8kdjm1rbzcashjs75czm-integer-conversion-0.1.1.drv
  /nix/store/nza56phgrvd96cg74yhjr51ff4hr2ars-time-compat-1.9.7.tar.gz.drv
  /nix/store/vgjvqzwd0cwykh0w20yagwgf7swq3rv9-time-compat-1.9.7-r2.cabal.drv
  /nix/store/7dllr8sz16c4yiz3j23a560875pjx3n7-time-compat-1.9.7.drv
  /nix/store/pckx3cl118qsxzjhdcdzsc1b7m6qgxdc-indexed-traversable-instances-0.1.2.tar.gz.drv
  /nix/store/9mp7z3d0zc5vcawlaqfyfi0ngiqfx42n-uuid-types-1.0.6.tar.gz.drv
  /nix/store/ynvhc0kmr0cb2hrq3av8blyv9nx11jxj-uuid-types-1.0.6-r3.cabal.drv
  /nix/store/8nk1dzxajb5y92dphn0fzrpfj723a4n9-uuid-types-1.0.6.drv
  /nix/store/fncfp3rj9pp6c1wbn8ykl373m15ysk1a-quickcheck-instances-0.3.32-r1.cabal.drv
  /nix/store/mwp099m9vmw2fc54m0dv68b35ykjvasz-text-short-0.1.6-r3.cabal.drv
  /nix/store/zd8bmwa2lspbzhlypzv8x0sqxi58yci9-text-short-0.1.6.tar.gz.drv
  /nix/store/fpj4301imbyrbkafwgvnh79ai3b58v8v-text-short-0.1.6.drv
  /nix/store/ayd4n0x1i8ksy4ia9b2zj4dk65iag737-these-1.2.1.tar.gz.drv
  /nix/store/v2gbz2p4jiinn7q02371adlaxr74bczj-these-1.2.1-r2.cabal.drv
  /nix/store/h6xk492wmk17w8bg1n770pzzf3avbl7c-these-1.2.1.drv
  /nix/store/f6py520z1nm34mykgi8rvabc7fd9xzxd-data-fix-0.3.4-r1.cabal.drv
  /nix/store/myg785rl8i29bakl7rhbphcw6751hy5b-data-fix-0.3.4.tar.gz.drv
  /nix/store/kr0xd06bvcdmgahc2rj5kd4qgliak65b-data-fix-0.3.4.drv
  /nix/store/6cmmnqx19ra6ndchs8s16r6b3ixks079-case-insensitive-1.2.1.0.tar.gz.drv
  /nix/store/mvnx0ql6n0bwzgrx6g25xgl9y9jwyadi-case-insensitive-1.2.1.0.drv
  /nix/store/n6nnpb4ysizfjy5xnci36fid6i1wd8h7-quickcheck-instances-0.3.32.tar.gz.drv
  /nix/store/b2727wjg7h17zqis77lr91h0s3byp73r-old-time-1.1.0.4.tar.gz.drv
  /nix/store/ngkxksficnmzk5lgzyk26n3p7kdj47zl-old-time-1.1.0.4.drv
  /nix/store/1a73dssgvxkd2ghiz911j21l4rq2drrx-integer-logarithms-1.0.4.tar.gz.drv
  /nix/store/8jz8jbla94vl45dr879738fpi07r037h-tasty-smallcheck-0.8.2.tar.gz.drv
  /nix/store/lwb7ml8j4zp2k3184770rvwxyg895s94-tasty-smallcheck-0.8.2.drv
  /nix/store/q27l8nzbskd5w0vn5zawxb673d4bl804-integer-logarithms-1.0.4.drv
  /nix/store/l3f6ysczgv78nhxhld23sapiv14692ky-strict-0.5.1-r1.cabal.drv
  /nix/store/zz0y6mpgkdf3g933xvfddwr48dmcj3b3-strict-0.5.1.tar.gz.drv
  /nix/store/sr234gs3aznlzz65j0dpc09v25kr8yzv-strict-0.5.1.drv
  /nix/store/df96dcqvm8kijpx7s4rv8dp18vvsbgk6-scientific-0.3.8.0-r2.cabal.drv
  /nix/store/ypf7r70hh22lrdac4xg3zg53zcrnmp7k-scientific-0.3.8.0.tar.gz.drv
  /nix/store/syaj9s0kk3dkh75n2lhg634hfqlzfzkx-scientific-0.3.8.0.drv
  /nix/store/7xvhqbq7x5y68rqjxlq576xy7h2pqfwp-OneTuple-0.4.2.tar.gz.drv
  /nix/store/gm912nn7zhkm4nsr4kkzjz1hsjyw67a9-OneTuple-0.4.2-r1.cabal.drv
  /nix/store/wgfzc1i78bql3jrgj7qrg8y7b8xxhib5-OneTuple-0.4.2.drv
  /nix/store/sa2fd634621760831dydrv39imxw66vc-quickcheck-instances-0.3.32.drv
  /nix/store/skisj77pn4q8wni63z2mrywzw70yff2l-indexed-traversable-instances-0.1.2-r1.cabal.drv
  /nix/store/3ra2al7x0y7pjvljimv2xld4lbphnvpi-indexed-traversable-instances-0.1.2.drv
  /nix/store/w48hcwijpsi42790h9dgsdlchxprbqpd-witherable-0.5.tar.gz.drv
  /nix/store/y8ggl9q89iax9zwlmak2wgiislaxs859-witherable-0.5-r1.cabal.drv
  /nix/store/7vf7zr795wmqgmakwyzgfiyc1jpgrjq3-witherable-0.5.drv
  /nix/store/8hlz8zaxjlxp9ws0cvimyw6m4vy1b0rv-aeson-2.2.3.0.tar.gz.drv
  /nix/store/wvqylm7kxcb98h9ly5y08lqvahfpg10r-typed-process-0.2.13.0.tar.gz.drv
  /nix/store/dq27hkjbvhmg6dz44ig4jyx3ciy5xivk-typed-process-0.2.13.0.drv
  /nix/store/m3zp303aszjkr5520mpmcgp5lv4nnwmz-tasty-golden-2.3.5.tar.gz.drv
  /nix/store/argjp1j7f5hjds8kwhz5gwj8dpfgawmz-tasty-golden-2.3.5.drv
  /nix/store/b8qynk6b1ch4nzimg6zsb5p39162ggdk-semialign-1.3.1-r2.cabal.drv
  /nix/store/jzidk1c8qg2a29dk187l4lah9cw5ch2x-semigroupoids-6.0.1-r2.cabal.drv
  /nix/store/h1w6dj6dd59m6y28z3yz4pkak1hh7z4j-semigroupoids-6.0.1.drv
  /nix/store/rdvzycw3vv0s9b486q2hid324r4iqpkv-semialign-1.3.1.tar.gz.drv
  /nix/store/ccvalmzwdm37x018yhficnxkzi45y0sf-semialign-1.3.1.drv
  /nix/store/9arhhdjj6h230z0l8i3bqd5ik9d61skh-th-compat-0.1.6.tar.gz.drv
  /nix/store/6y650rnyw0c616kxqnw879irax0ciipi-th-compat-0.1.6.drv
  /nix/store/la3ma0y8af3kpjp1s4nz6prbzjsiy6cc-network-uri-2.6.4.2.tar.gz.drv
  /nix/store/n33i7gp099hb90p2npbfbmv71izn7s0s-network-uri-2.6.4.2-r1.cabal.drv
  /nix/store/j0d57z43df5wwjx2bf20m7l58hb0xnr9-network-uri-2.6.4.2.drv
  /nix/store/lzjg7s17idych60p1s2azjjfy2mxg660-aeson-2.2.3.0-r3.cabal.drv
  /nix/store/bv2i06nqjg2h9zcxb1x82z0hx21jj38a-text-iso8601-0.1.1-r2.cabal.drv
  /nix/store/jvcdja48d93r2jbcgqb6g2d5zzisp74h-text-iso8601-0.1.1.tar.gz.drv
  /nix/store/pwhqj8k0ps9j6wcx7sjd7nvpiq7q2dkp-text-iso8601-0.1.1.drv
  /nix/store/khp1sjr1cvbxmsav1hdrhb3zxbwaadpc-character-ps-0.1.tar.gz.drv
  /nix/store/s2k06n6q3qy6z2890ziwz01wga2vlqx3-character-ps-0.1.drv
  /nix/store/hn8xll6dnfv20p0n3dnm47g8bak3z73h-generically-0.1.1.tar.gz.drv
  /nix/store/ilcn1qvh3gpvdzw74hyqq8cdlnz7qsp0-generically-0.1.1-r4.cabal.drv
  /nix/store/w9ma95lbimscq9fx9f9bqvr3yvsnlab3-generically-0.1.1.drv
  /nix/store/fil902zj9max08bgxqsbs4z536c1c6v2-dlist-1.0-r2.cabal.drv
  /nix/store/pmz918fba9729s4p7awfhyvwjb1zlhm2-dlist-1.0.tar.gz.drv
  /nix/store/ycda8hh8z8z3k3s4iyasvw1jp13cph0x-dlist-1.0.drv
  /nix/store/6pfri4hvdljkjx8may6czc9lxvfnyzyc-Diff-0.5.tar.gz.drv
  /nix/store/lvv83nb0yai74n1hx4rm2aj4wy1r7gpc-Diff-0.5-r1.cabal.drv
  /nix/store/ygg2nszrps1baxf826g75n670j9ip225-Diff-0.5.drv
  /nix/store/rxibkkvlfz5lvhg749az1jbidhlwbc35-aeson-2.2.3.0.drv
  /nix/store/bgjpjba60zzfi3bkxjqgr292bjhxl0bp-cborg-0.2.10.0.drv
  /nix/store/jva55174ggjnh694haqqjgsdgw92j4g2-serialise-0.2.6.1.tar.gz.drv
  /nix/store/mykyz1w0gmwbq1r3sxnn2rnm7hk1v57y-serialise-0.2.6.1-r4.cabal.drv
  /nix/store/35rlap57inkr34v4zm01pmdna314n7gv-serialise-0.2.6.1.drv
  /nix/store/h0isahx723qi95hwa4cd51jhhb7bf6ig-unix-time-0.4.16.tar.gz.drv
  /nix/store/c9sa21mzihzfbf97axz1gdv2agx8lsr1-unix-time-0.4.16.drv
  /nix/store/2rvfsf9r3c251ml3iajrx12dqiwxf3bh-crypton-x509-store-1.6.10.tar.gz.drv
  /nix/store/dxmqzlfp10nzs4bmnn135xidbxvzdvav-crypton-x509-store-1.6.10.drv
  /nix/store/g61fg5jk6wjpkbw7s9yszk1vm71q0f32-data-default-class-0.1.2.2.tar.gz.drv
  /nix/store/i6f7spqq2lqv7nb583fsf2g9s1bqcvxk-data-default-class-0.1.2.2.drv
  /nix/store/a6iwh6v5rdpvf33g4rrw3gwsw9smydmc-cereal-0.5.8.3.tar.gz.drv
  /nix/store/k0ql73m1j71yp7kghhiih10xm74yff3f-cereal-0.5.8.3.drv
  /nix/store/6ngyidypv8csj9afy8ikias4pwzilzj8-byteorder-1.0.4.tar.gz.drv
  /nix/store/62q7lfarq53j36qdp597rbpw8azmm2ag-byteorder-1.0.4.drv
  /nix/store/1lhrw663vrndpksq7fmxjw1njcgg7mi0-safe-0.3.21.tar.gz.drv
  /nix/store/1r2mg3lgxg1mfjp7lkbj3s8pvg8ccwin-safe-0.3.21-r1.cabal.drv
  /nix/store/82nd555rj9g8cgj5wd0rzxm3953fasr4-safe-0.3.21.drv
  /nix/store/30ylxniv6v1h04iydirbxfzl98cnx95q-appar-0.1.8.tar.gz.drv
  /nix/store/ak0pxjdqm4ssaz0a1mgrynkna0bfyxgp-appar-0.1.8.drv
  /nix/store/vl4v6avqswsp2aqih073syxnnfrdyka6-iproute-1.7.15.tar.gz.drv
  /nix/store/wq899mzi89lkif3n1ypny5wqhbj618bx-network-3.2.7.0.tar.gz.drv
  /nix/store/x3gm7frlndqw6dlal4ab14gq2jj3vjiv-network-3.2.7.0.drv
  /nix/store/k0h3080nm2f8qcllaxi0d5h8bdx7ld1h-iproute-1.7.15.drv
  /nix/store/qr470lli537fwqnk3cir6mirj7ll77p2-crypton-x509-validation-1.6.14.tar.gz.drv
  /nix/store/1m6597zs35171dlzhnlivy5ky08q9zf6-data-default-instances-containers-0.1.0.3.tar.gz.drv
  /nix/store/2bpa033vxc2w5gmr99nb7zw5x9p7g0fm-data-default-instances-containers-0.1.0.3.drv
  /nix/store/52b82p02q0f2k57xrj9z3kbl1f8kznrj-data-default-0.7.1.3.tar.gz.drv
  /nix/store/wxdp1zqnh033sk7xka6zkabr13icdiiv-data-default-instances-old-locale-0.0.1.2.tar.gz.drv
  /nix/store/7r4n469xzcyq6s71dgzz0s9l88cwdcfy-data-default-instances-old-locale-0.0.1.2.drv
  /nix/store/mza4flnxp1qm5xkix72dybjzc78zglw7-data-default-instances-dlist-0.0.1.2.tar.gz.drv
  /nix/store/vcg8ap9xxcc3xk871sycf975wlk9hz67-data-default-instances-dlist-0.0.1.2.drv
  /nix/store/rnvqz818aqi68jakhiq8rgf23q1m9gif-data-default-0.7.1.3.drv
  /nix/store/qmb76cqxnlrnjlb9bhzwp9bp95p4f77x-crypton-x509-validation-1.6.14.drv
  /nix/store/w41h9irvi6yjbyvzyrq2my8s6yr42rid-tls-2.1.1.tar.gz.drv
  /nix/store/0j5f40sf38713a7nhkqj2fa9kgh7m968-tls-2.1.1.drv
  /nix/store/phr0yxmahjd7532fm75xb7wg2lj04kz5-cabal-doctest-1.0.11.tar.gz.drv
  /nix/store/0k4qmlhgnyqn63dvpj2bz5cknizq1ya4-cabal-doctest-1.0.11.drv
  /nix/store/40z077ijn9cfard2mygz3kar1dgp4j77-xorg-server-21.1.16.tar.xz.drv
  /nix/store/djszls7l442qc66zj3pllacwni1hdpcy-xkeyboard-config-2.44.tar.xz.drv
  /nix/store/5rin9hnn781ihxhn8hdcqrxcp141h8am-xkeyboard-config-2.44.drv
  /nix/store/3fxa08arz6b9q8sm1mxanq0fjrr8fvdr-xcb-util-image-0.4.1.tar.xz.drv
  /nix/store/ps58aq52pa10p5g4yzippqaxj08lc6sj-xcb-util-0.4.1.tar.xz.drv
  /nix/store/clzigflr2rjj8n9vxk7gz306assmbjzn-xcb-util-0.4.1.drv
  /nix/store/70l97mp04cvimnva3wprxvbsdhdpix77-xcb-util-image-0.4.1.drv
  /nix/store/4r7j1q92npsx8g0gfssvlpqhsskmw8sp-pixman-0.44.2.tar.gz.drv
  /nix/store/ci3ahzj4fh16lm88vv3jhzm2ggvdj0ii-pixman-0.44.2.drv
  /nix/store/xryla3b1r51l65s86k4d6pw13g08xk4l-libxcvt-0.1.3.tar.xz.drv
  /nix/store/dhvr3nzilr5f9j8llbm90p958rny3sr0-libxcvt-0.1.3.drv
  /nix/store/dryz0k6ifrc0vkzdpzwrvf0cp32pfsi8-xkbcomp-1.4.7.tar.xz.drv
  /nix/store/3w6jimaqaywx2sf2vdq8c90h0sfjp7xq-libxkbfile-1.1.3.tar.xz.drv
  /nix/store/mi3awr9ikb0c7vk9dryq776xrysxgsaw-libxkbfile-1.1.3.drv
  /nix/store/f7sp6546y854q3cj6hsj3fk4lvqa8c2h-xkbcomp-1.4.7.drv
  /nix/store/gqf7nrm1z9vyp6i5pkj2wvm9fq3dpiqv-xcb-util-wm-0.4.2.tar.xz.drv
  /nix/store/pygnb5690cd8vm59gqcpiqn4dxf65mnc-xcb-util-wm-0.4.2.drv
  /nix/store/7zb93gzbbhp5vhpyll3j5figg84ba7hk-libXfont2-2.0.7.tar.xz.drv
  /nix/store/2ia4agqqmvxxr2nywapspgmc96yv9b8l-libfontenc-1.1.8.tar.xz.drv
  /nix/store/i1fwgl3a5yjrc52jv8rvjda72ipq6gcl-libfontenc-1.1.8.drv
  /nix/store/v8b7rfs15bh6i2cryszpvdahx258skzw-libXfont2-2.0.7.drv
  /nix/store/nx6x4gddp099lxxmzzlg2fprp90pclhn-xcb-util-keysyms-0.4.1.tar.xz.drv
  /nix/store/vidxg538d8zpy1rp29vkvxvhwxkj27vn-xcb-util-keysyms-0.4.1.drv
  /nix/store/pcrn02smx7k6bi0fg2wpcrvs6szqy92m-xcb-util-renderutil-0.3.10.tar.xz.drv
  /nix/store/vwn5kw8s29srsq10gfm0kycaka55wmam-xcb-util-renderutil-0.3.10.drv
  /nix/store/hqwmjiiwq8564xbdlgdm7q7nkdrl9a8y-libXfixes-6.0.1.tar.xz.drv
  /nix/store/xd9f4i1cjwwgxb05pzb221imw7slxinz-libXfixes-6.0.1.drv
  /nix/store/0laa7c5lnpl4w8105vcr5dqap8ghclp9-xorg-server-21.1.16.drv
  /nix/store/0mlsmxjm63m8wpscncr0wqd4ircbdjkz-citeproc-0.8.1.1-r1.cabal.drv
  /nix/store/0pchv2g5xd3bd68w41gxkh11z8whb2rr-graphite2-1.3.14.tgz.drv
  /nix/store/hmqyy1qbqf285ryqrisvrp4px0msqcw9-vault-0.3.1.5-r10.cabal.drv
  /nix/store/prsxip6pjbsih601855r3hhc6cyiz5ih-vault-0.3.1.5.tar.gz.drv
  /nix/store/0pgx68p695qgszsldn85056avjjrmlg2-vault-0.3.1.5.drv
  /nix/store/0vabi3gjncrwhgfd5rjkmrh8fp6zc8fn-boost_1_87_0.tar.bz2.drv
  /nix/store/0xpvh8jx3qsqdpfyjmlfjasydw8wv79b-http-media-0.8.1.1-r2.cabal.drv
  /nix/store/pnrbbf8rj3jkp0v2vbfyzcawm2hb3k99-free-5.2-r7.cabal.drv
  /nix/store/s8mn2wxrv7d5953qd63ajdg5whs1203q-free-5.2.tar.gz.drv
  /nix/store/119p14q3rg9g643kascq88nw0rs7lc6p-free-5.2.drv
  /nix/store/135wqrqmgp93qzi3rm1j6f00vhp1d9rr-jira-wiki-markup-1.5.1-r1.cabal.drv
  /nix/store/w31wy9rff8b8hmg9jds3z258gx6sxcdq-libmnl-1.0.5.tar.bz2.drv
  /nix/store/14048686w9xazj6207faf62x3rslix1h-libmnl-1.0.5.drv
  /nix/store/17y72lk0vicvqyhfngnx9p6l8dpf67ji-commonmark-0.2.6.1.tar.gz.drv
  /nix/store/19x20fpclc8s341r8hgxn9cn3pfhkgp4-attoparsec-0.14.4-r6.cabal.drv
  /nix/store/1asqz2b493lb8q7dwpigy5z7x6ayacjm-http-semantics-0.3.0.tar.gz.drv
  /nix/store/1gh01dqm6ay85hcwd52dyrlp3r1gaq0j-digest-0.0.2.1.tar.gz.drv
  /nix/store/x6939c5m8k7585q5i8c9s1pv3dvwwpy0-ordered-containers-0.2.4.tar.gz.drv
  /nix/store/1hh2n3jzfk1kqd40w7g4v25h1d88yqrc-ordered-containers-0.2.4.drv
  /nix/store/6rw7q85hgl02v120vvgb2wb67ad8g2c7-base-unicode-symbols-0.2.4.2.tar.gz.drv
  /nix/store/1hy6bgkc7fy7drak9gpsj5zr5hm31glx-base-unicode-symbols-0.2.4.2.drv
  /nix/store/yjaf5zf0a176wwzkyns0nl2sjy0mrchd-th-lift-0.8.6.tar.gz.drv
  /nix/store/1pk57kwzdanbmxjq89n6znf01qp5n18v-th-lift-0.8.6.drv
  /nix/store/1qd2yvdspy95v8x87f0sbs27z4w0lhp3-source.drv
  /nix/store/c42hb6jc12lwi0v4j22an8c44gfzbxsk-xml-types-0.3.8.tar.gz.drv
  /nix/store/1w0ijlqxw24k7jpvd70qh4hfki7ragxj-xml-types-0.3.8.drv
  /nix/store/hcqlz6rcm09xifk28n2j0k9gcwx92w9k-source.drv
  /nix/store/ng1jar2k0w90v1zk5wv6q3g1x97xa4p8-source.drv
  /nix/store/cchl4ghza35qr72gn423pm3wk5vpd9yn-python3.12-gyp-unstable-2022-04-01.drv
  /nix/store/iikihcpl7q7xn57wan6q2c1i87sqi4hp-python3-3.12.10-env.drv
  /nix/store/47qcsp21q01b5gs24r6wm1cjivv95rdx-nspr-4.36.tar.gz.drv
  /nix/store/jy61pkw3kvajsrpc1jk2iwv25hg5rjb1-nspr-4.36.drv
  /nix/store/1xk9s81sf3h65r2bmljns6wlkzrlhdp2-nss-3.101.2.drv
  /nix/store/w6awmxzchzzqw7h48jr3bnlhw1kkv5l3-split-0.2.5.tar.gz.drv
  /nix/store/1xlbi7p2sy2pfd7g3556n6w8xl991sw3-split-0.2.5.drv
  /nix/store/2x70i4si2hzy5hz7in40wy7nypxm75p6-hslua-core-2.3.2.tar.gz.drv
  /nix/store/a0zni3gqgrr3xsry7m2g54h7w2avqlhv-lua-arbitrary-1.0.1.1.tar.gz.drv
  /nix/store/6l0f0wwqw6gv4q6qxm0vsq0dmln4smh3-lua-arbitrary-1.0.1.1.drv
  /nix/store/30pg4rh94vf32hh3p5lq0hgw7dnhbm51-hslua-core-2.3.2.drv
  /nix/store/5d8nya98jjx5p62dvjc5czs1f1pnla21-tasty-hslua-1.1.1.tar.gz.drv
  /nix/store/6bihamccdk0q74rlcfkc6gqymsv0gy03-tasty-hslua-1.1.1.drv
  /nix/store/m2nbgkph3izb1r74b4wqm4nw1i1s5l84-hslua-marshalling-2.3.1.tar.gz.drv
  /nix/store/a80d12jy5gyxg7w96afykk9jsgafzg35-hslua-marshalling-2.3.1.drv
  /nix/store/l0gcz6xh8idgs3r8z36pqw8yysfb85kr-hslua-typing-0.1.1.tar.gz.drv
  /nix/store/c9n6gba2kc8fiy74iwq0x4sd009g7h32-hslua-typing-0.1.1.drv
  /nix/store/jkgcbnns9y94g9964zp5xh128fsbkk0w-hslua-packaging-2.3.1.tar.gz.drv
  /nix/store/slb1y34ns78l05h7ygqf0nba8kawxjv6-hslua-objectorientation-2.3.1.tar.gz.drv
  /nix/store/n2wjrk7217rrmg0xj7w1ka3jxgvpzkld-hslua-objectorientation-2.3.1.drv
  /nix/store/1y5q2ismr8c4s5449b35yx0lzf8lz4ad-hslua-packaging-2.3.1.drv
  /nix/store/bicwjj2ir3b02y9pcs16xvlvlmqrjq7k-monad-parallel-0.8.tar.gz.drv
  /nix/store/knq807rz4bhmds2h9pw1qyvbxs5vd8qy-parallel-3.2.2.0.tar.gz.drv
  /nix/store/mfz53i780wqjrfi5hr11n7a336040sx8-parallel-3.2.2.0-r9.cabal.drv
  /nix/store/nkpf279iwzdj2h8bxa10kgqdsw608vdx-parallel-3.2.2.0.drv
  /nix/store/b8j9mbcpl47d2961jlfym0fdj8ff9f48-monad-parallel-0.8.drv
  /nix/store/cpy70j3x1lspbz8cgshjfyl13yzk133j-unix-compat-0.7.4.tar.gz.drv
  /nix/store/3hk51znxy5rl9b744vs5l4kq0m6kziw8-clock-0.8.4.drv
  /nix/store/gnph2m95yilspq5ixvg4axgsmygv7qnn-extra-1.7.16.drv
  /nix/store/99paxa7pq1lqy8y5asag02nsvcxvyxlh-unix-compat-0.7.4.drv
  /nix/store/pcf6pzd7fk69ka21hm9x6ixrhsck2aqw-easy-file-0.2.5.tar.gz.drv
  /nix/store/gq21wrrql85brammh5ay30m1780akmxv-easy-file-0.2.5.drv
  /nix/store/rh10r3aabz31367jn03m0l9hd3pkgdyb-fast-logger-3.2.5.tar.gz.drv
  /nix/store/9fq6wy5jg93iss94z472caz6hmxq0afj-auto-update-0.2.6.tar.gz.drv
  /nix/store/bss6n13pygwqwql6vg8hvk70nyd6i8gn-retry-0.9.3.1.tar.gz.drv
  /nix/store/rdhn7wd384rl54wm8csfk44611qw8gra-mtl-compat-0.2.2.tar.gz.drv
  /nix/store/lfmiajfaz28rs22144wj0a7xgcwnsqyh-mtl-compat-0.2.2.drv
  /nix/store/ip270a94vym6iiz3xnzbbk6f1559b9sm-retry-0.9.3.1.drv
  /nix/store/x01gvmiqhsymzjb4q4fd04xgvmj5i0w8-auto-update-0.2.6.drv
  /nix/store/31djvxp3pypg3qxy74frb9bxmzzqhhq5-fast-logger-3.2.5.drv
  /nix/store/qfp3ayypfzv9mdkwqd2vf23pbn1vq9nk-wai-3.2.4.tar.gz.drv
  /nix/store/5rbbk39j76xqm4lv64hcbn0jffhyg53n-http-types-0.12.4.tar.gz.drv
  /nix/store/rc60rbws8c3gp5iw9yf0434aq1f2d3aq-http-types-0.12.4.drv
  /nix/store/9g7zgkqir4nm03ircyq75hvxsj5qdb38-wai-3.2.4.drv
  /nix/store/v9wg9lyzwvs688k4jg3fdwzmcsirp7rv-wai-logger-2.5.0.tar.gz.drv
  /nix/store/20fs2w0hl717nmyca1hrmgjl0zx3g0cm-wai-logger-2.5.0.drv
  /nix/store/22pgzy77x6mq7cnl2qa1wfb1zylzcvhy-servant-0.20.2-r1.cabal.drv
  /nix/store/27iqrnlxksh4rl7l72ssjf6b85pr0djk-wai-app-static-3.1.9.tar.gz.drv
  /nix/store/dshx7lhny0c1bvm923jk0p16dxw4k4yr-intltool-0.51.0.tar.gz.drv
  /nix/store/rlbvybkd66mlhzg6g7grqlqnvx3sdjg9-perl5.26-regex-fixes.patch.drv
  /nix/store/27r2lr3l1wrak7zlv13csaxmn41cvniw-intltool-0.51.0.drv
  /nix/store/61nyy5ga7xkas7iqg97v7c0ac9pq87ss-fingertree-0.1.5.0.tar.gz.drv
  /nix/store/288y67klq17vx6yaw4xnwq4h90rsf0rd-fingertree-0.1.5.0.drv
  /nix/store/3yrmbf9wp7hf730fh1j7hg5ix0jq4hfj-source.drv
  /nix/store/4j1lwcb4cwliqab3smvxbzd6p4lbq37w-0f1618a25c5eba41b6fec947207d0a32ae3cc6c5.patch.drv
  /nix/store/ap014z9cjs6plx9j1dr0dwq8xpj04nrc-libwebp-1.5.0.drv
  /nix/store/ifyvlsb6h1klhz6lqzpwh94rm3zzqgk4-source.drv
  /nix/store/hgckwcrmy0sl4zc6lnhv977js2xjxj4l-source.drv
  /nix/store/9iis53vcvzn1zv0vi902rdq0rm4h85ad-source.drv
  /nix/store/mb4zk53gyz5ddrw01i3bj86568mc8ari-tinyxxd-1.3.7.drv
  /nix/store/spfhlglvs50x6qbkxc9xnnxd015v368f-xxd-tinyxxd-1.3.7.drv
  /nix/store/2zjy38bf9ip6axbqb8pzmji3m44ihfi7-libvmaf-3.0.0.drv
  /nix/store/3yk9r05pbnny99j1f2ha4ncja2z2n1vc-source.drv
  /nix/store/az6q7lmdp3286kqjm16z5zjm655ac6m1-musl.patch.drv
  /nix/store/rv8kz9ysh6myjic6mw0f730yz1m54ayb-yasm-1.3.0.tar.gz.drv
  /nix/store/bpv7i1j9ph75wa5sj8jxpy5hsnjl0kan-yasm-1.3.0.drv
  /nix/store/p13syxnzp0hbr01srzzybpjf7r2dvk1c-libaom-3.11.0.drv
  /nix/store/500jmwmz48hhfb9knqw2q45aj5zp7qz3-gdk-pixbuf-2.42.12.tar.xz.drv
  /nix/store/92k82fxdgr1j44zw7pvsinf200k5pdsq-exec.drv
  /nix/store/884bfzfljcx8if8dwrsy85kjrf50smak-cairo-1.18.2.tar.xz.drv
  /nix/store/yc07aspjll5yfiyqzq8gq77m1qm4j54b-libXext-1.3.6.tar.xz.drv
  /nix/store/bm11749j3y7sh3ypib4yaf7dpzdx6mg4-libXext-1.3.6.drv
  /nix/store/vb7iccg5flnlfh0kc6jci8vds30xcpap-fix-oom.patch.drv
  /nix/store/43dkmdknpg916frkyg8knm2hcn224cb2-cairo-1.18.2.drv
  /nix/store/xgz6nf870ch7d91y1kgx72n0dwn7mmww-absolute_gir_path.patch.drv
  /nix/store/syll5rdf1kv7xszik6ch17rk3y1llcl3-gobject-introspection-1.84.0.drv
  /nix/store/zb6rfgad8bj437pvyw03q9s7xyxniypw-gobject-introspection-wrapped-1.84.0.drv
  /nix/store/vc0cx57ym5d0wqsljh64ms449x7iwyva-gdk-pixbuf-2.42.12.drv
  /nix/store/9cci3x97kca34bqg10mskhns41xnvf30-source.drv
  /nix/store/80nxxj8r1sxn5zkiw82szzra3h9vkrww-source.drv
  /nix/store/q3l73rkaqsidxgg6fh9g2z8sgbddv0b3-xxHash-0.8.3.drv
  /nix/store/wjznk4ipdwwk80v7imfwi071xmgaymas-dav1d-1.5.1.drv
  /nix/store/x7x4nvdmp05i2znvayqhxv35dqa8rgbn-1e9ef51f32fa23bd7a94d8c01d5205334bc9c52f.patch.drv
  /nix/store/fkglwg33mniyskyaiqcmp1p389l3bgdv-libyuv-b7a8576.drv
  /nix/store/ybajv3qm7bhfx2wb8wv30why6v6zvvw9-libyuv-1908.drv
  /nix/store/4wnxl10gysinih41d87zqwv37008d15i-libavif-1.2.1.drv
  /nix/store/bsq0wavinnf8bxr82iagx9w9mgr5a6jf-libgd-2.3.3.tar.xz.drv
  /nix/store/jr5970d2frvz3p7cs7h2g8qngshkj82a-libXpm-3.5.17.tar.xz.drv
  /nix/store/kp3vc97qdz98rx93fvya5f1ikazqx723-libICE-1.1.2.tar.xz.drv
  /nix/store/dd3hgxcmllz17m5f9qdq2xssgc9jnjsk-libICE-1.1.2.drv
  /nix/store/lmpwk4pzdcylx7ans2x1nr4ajnaiv4dq-libSM-1.2.5.tar.xz.drv
  /nix/store/chbkjmnqlyfzxj21gmwr3mdj1iwk36cm-libSM-1.2.5.drv
  /nix/store/q80q4j5a2qgda0ykfbzv3ixjn9qkd7z7-libXt-1.3.1.tar.xz.drv
  /nix/store/nm0y9xzfcmjpj43vy001dqda2qr8q4bn-libXt-1.3.1.drv
  /nix/store/mpi15x56kj09nwqafw025j7cs763hfp5-source.drv
  /nix/store/vj6db8ah6arjlimgfhcq78ybcbkhavj6-ncompress-5.0.drv
  /nix/store/rlfz6sxpbvci68a8nafsbbfbzhlzz0ls-libXpm-3.5.17.drv
  /nix/store/yc8c8x6d3cg2lmza468i9xkz7843ls5a-restore-GD_FLIP.patch.drv
  /nix/store/2956fi56m16l064fvd1r538r5grx4n3s-gd-2.3.3.drv
  /nix/store/2c7j7vkamkslv60mclcadbw5a61bp8rb-commonmark-pandoc-0.2.2.3.tar.gz.drv
  /nix/store/2cn1l15dpkn15gfhmxahl0njbk531ci1-foldl-1.4.18-r1.cabal.drv
  /nix/store/b8206yya1p79fkbx99q9yws307i7wz81-libyaml-clib-0.2.5.tar.gz.drv
  /nix/store/mf1qq2rv9syc6m9pi9mxmy61p5hkfnmq-libyaml-clib-0.2.5.drv
  /nix/store/n8jc39y5fv927grjl7ai60j8an8a5qna-libyaml-0.1.4.tar.gz.drv
  /nix/store/3r88xkvw7mp87ksyn7cqkvr7csfqkypl-conduit-1.3.6.1.tar.gz.drv
  /nix/store/yi0xqvzx7pysrakrap71hgvvbhqw647x-vector-algorithms-0.9.1.0.tar.gz.drv
  /nix/store/ryk0gys46pfsbx8blxnl4lb9k4vz5rv7-semirings-0.7.tar.gz.drv
  /nix/store/4xdrznlyd4ikba1krp4w78vl51ix3m4m-semirings-0.7.drv
  /nix/store/7i8nznbq5d3f20lzw2hmhgyggmssx830-quickcheck-classes-0.6.5.0.tar.gz.drv
  /nix/store/as4ka8q2bamxyb8mh5wrs8vrhgkl9ji7-quickcheck-classes-0.6.5.0-r3.cabal.drv
  /nix/store/p74fgjlzmvq7hzggwprw25xvqab24kx2-primitive-addr-0.1.0.3.tar.gz.drv
  /nix/store/ky4bqmf4a47qjx2ml0li2axskx70i6z5-primitive-addr-0.1.0.3.drv
  /nix/store/d7liv4bql7nhi38rp41yq643f0yp6a0w-quickcheck-classes-0.6.5.0.drv
  /nix/store/mchp8f9i5s2c5rfshakrq7abb96wgplm-bitvec-1.1.5.0-r3.cabal.drv
  /nix/store/vx4bssq56lgg1rgijvad9360v5xd2nlw-bitvec-1.1.5.0.tar.gz.drv
  /nix/store/zw9fq1xgvpymd127kll9n1mpg2qb5hs6-bitvec-1.1.5.0.drv
  /nix/store/crlnyrz5z4iqh6xwjhk4rp8vv017aa2q-vector-algorithms-0.9.1.0.drv
  /nix/store/iwigbrx4db4fl8ksd1yjlwijf1fqi1v1-mono-traversable-1.0.21.0.tar.gz.drv
  /nix/store/8pswhgs30b1zm1rq8308rb3yqybg1ixc-foldl-1.4.18.tar.gz.drv
  /nix/store/y0b518ymnvw9jivj8pwfn341pdk48mqn-foldl-1.4.18.drv
  /nix/store/cdrhqz9ljhiywl2jxvk8d5qvn65xrjxv-mono-traversable-1.0.21.0.drv
  /nix/store/kv74679d8091qvii865wxx4hfn9l3lpy-unliftio-0.2.25.1.tar.gz.drv
  /nix/store/vagyd61mvxxd35119y2vm3lfg6q75ykz-unliftio-0.2.25.1.drv
  /nix/store/rh9q9xigzhrwrdm5nbc7v18cm6jwbqjf-conduit-1.3.6.1.drv
  /nix/store/2d88z42fh47i02ydnpx5q1q6lyasiwi1-libyaml-0.1.4.drv
  /nix/store/idv7hcxivrkjivqs18yiq6fvrq3586f4-th-lift-instances-0.1.20.tar.gz.drv
  /nix/store/2dy0hw09p2iig5qx5xc3br0crhvjlz9n-th-lift-instances-0.1.20.drv
  /nix/store/rk37qr6qg5m37glgxiva9phxg20hjc9w-musl.patch.drv
  /nix/store/5xym9l4f45cbyg2rly86x757g07rn050-docbook-xml-4.2.zip.drv
  /nix/store/spsyvfr7v777q7gc0lp5ykb864gdg2fa-docbook-xml-4.2.drv
  /nix/store/vmjgd72mbgc5va58m83q0rva75vjnfya-source.drv
  /nix/store/85fm3ak74ja1gn4dakl6gy7ns9wq3gby-kmod-31.drv
  /nix/store/9z3595yhmaq4f4q9cp94hbwyk57hpkq7-python3-3.12.10-env.drv
  /nix/store/v01y6qylqzi3x6adm8bfw33qcyfwdryr-source.drv
  /nix/store/n96snxv1pv3km29zd2cfvhfkcwrj2dsd-python3.12-pyelftools-0.32.drv
  /nix/store/x9dy2d27f7f1w39k0d36q7jk5ff0wn1c-python3-3.12.10-env.drv
  /nix/store/3z48lklm0j21svaiamsf1n1cxmzygdk8-auto-patchelf-0-unstable-2024-08-14.drv
  /nix/store/4d4kv2b34mpzirz2jmd94ir018w7waz2-expand-response-params.drv
  /nix/store/xcyni1ink2jrxdcr4ndi0vdqlcps7yqf-binutils-wrapper-2.44.drv
  /nix/store/gs397ranc9hcpvv1a5d6yq27ndv553l0-auto-patchelf-hook.drv
  /nix/store/32jvx4a4jxssjhzibkq1d5876v4ldyj6-kexec-tools-2.0.29.tar.xz.drv
  /nix/store/fzwlfx60nyh8yqz19b31l4bpahjpf831-ppc64-elfv2.patch.drv
  /nix/store/h07lyvsxgbcxblajfzlaj10g98ri8nil-kexec-tools-2.0.29.drv
  /nix/store/m7y3vmj4q0cc5xxk9f3ygf264w9pxhkb-getent-glibc-2.40-66.drv
  /nix/store/4x5js9j9j30xhj3048zbpc330d7pw284-libcap-2.75.tar.xz.drv
  /nix/store/ml0shai81i1gx9823gfzhggb64izrijx-autoreconf-hook.drv
  /nix/store/hnrdgxf6wg3bifwn33kcfxhzw5vj4wfj-db-4.8.30.tar.gz.drv
  /nix/store/n0vj2zbynnwwdy0qx7z9g6iaxpxb5qsg-db-4.8.30.drv
  /nix/store/sl53vg6n9shij2brcsqhgi2y6v2aicpr-Linux-PAM-1.6.1.tar.xz.drv
  /nix/store/9drzy8zmcxhvqkrd61n1isx4q3skhzpi-source.drv
  /nix/store/k8ydvjmx4fmim2nwpgqf5x33mgmqgc5m-source.drv
  /nix/store/njsjycgn215y1gkshq1ch40lfszi91qk-swig-4.3.0.drv
  /nix/store/sm5fvhlmq7jcl3w1mlshjl3867c5m5vy-audit-4.0.3.drv
  /nix/store/kv68grpf9rgiyd2xag74hphayl6p8hfh-linux-pam-1.6.1.drv
  /nix/store/bz4rm3y33dqgq8yh74cwfaabl6wlmpyi-mailcap-1.17.patch.drv
  /nix/store/f6lkxs55nqrkf3px1ndllgw09ixkfaw0-go1.24.3.src.tar.gz.drv
  /nix/store/5m5zx9ajwr86hap9vh5kf12n2pkpcs83-go1.22.12.linux-amd64.tar.gz.drv
  /nix/store/g0ayxzz800plrg3cakjjc8vk0y60fdkv-go-1.22.12-linux-amd64-bootstrap.drv
  /nix/store/ijxwbwlfs7jnw70d5ci09sck1yli93v9-tzdata-1.19.patch.drv
  /nix/store/4p7vv3q1sxi4186pqlkvv4gb6sqalizj-setup-hook.drv
  /nix/store/fx2yy1lg9bcrlb29a76nb3ywa00rizbr-source.drv
  /nix/store/rnagjqw68jxydsy4kn96l69zz9gfffni-iana-etc-20250108.drv
  /nix/store/q8ygkd3sm24kcylm0jk4z6ijniqxvb90-iana-etc-1.17.patch.drv
  /nix/store/l8jmvi2yyj1sapd1xmislkj7rmdpgqxs-go-1.24.3.drv
  /nix/store/n8xd032f73kksfgy9gnlrs5if826fcjr-libcap-2.75.drv
  /nix/store/x3i67nxb3pnzmisll61iwqm4cjpd7nwh-source.drv
  /nix/store/2x9vg2ng46p0q2ch04qccjzwhbmm7iyr-check-0.15.2.tar.gz.drv
  /nix/store/8wm9zfbvr4yr14bxyzn9cgnqpkvrf78h-check-0.15.2.drv
  /nix/store/i5c8i824my2l1k59494zc7v7m9180p1k-kbd-2.7.1.tar.xz.drv
  /nix/store/y952nd5racxl75x8fmcf0am0dm6yfpqv-kbd-2.7.1.drv
  /nix/store/kw65f2k6m9g5y3z611vdcv03dfz75j8j-libseccomp-2.6.0.tar.gz.drv
  /nix/store/ycgrjfq5h58m6pqcw775y88n0cz683fy-libseccomp-2.6.0.drv
  /nix/store/ayjyg6h30m4qhm1gvfqlnmjpsyjki2gx-systemd-minimal-libs-257.5.drv
  /nix/store/41r8skcay1ss1di3yr87k02jicc2kw3y-harfbuzz-10.2.0.tar.xz.drv
  /nix/store/pa9p5fnj21cvay60xyvalqnjw92z7l45-graphite2-1.3.14.drv
  /nix/store/3arv7ml0f9xab7kp19dwa0j41jiaci3p-harfbuzz-10.2.0.drv
  /nix/store/xz5pixdbm29fj56h6b7cnf3vwb0xaw5q-fribidi-1.0.16.tar.xz.drv
  /nix/store/h5p34zanxvn4fp0q1xqkisxb5gqgyij5-fribidi-1.0.16.drv
  /nix/store/rvbwvzjh06kr8f01yw1pqdvm2ay06nkn-source.drv
  /nix/store/azjgckam4h91c7j85zc9dimc5wxzm9c4-freefont-ttf-20120503.drv
  /nix/store/hcp4n2y1s3chpmfdknqizrw1x4lnz3fr-fonts.conf.drv
  /nix/store/97g7pzmsl17r147b6z748fwiqnbrsn0q-source.drv
  /nix/store/s4g4j7lfqvd1n0sqawkv0z6k572k2l1z-libdatrie-2019-12-20.drv
  /nix/store/vxf8vjznw757ymyhdsnzz3sgg14qxn17-libthai-0.1.29.tar.xz.drv
  /nix/store/m7lc9bn7lirmfhkqm8vln2csismdmw62-libthai-0.1.29.drv
  /nix/store/zlk6ghhx0xf0inhxqbv3pkwydh5kmqv4-pango-1.56.3.tar.xz.drv
  /nix/store/9yd2hbj345sb6y60q195np0ra8n10alg-pango-1.56.3.drv
  /nix/store/h374qykdf1mqqbrw72h2b3zdm4mixm3w-source.drv
  /nix/store/9l8gkfnjs13dn6wmi60xlf0sj89f3naa-gts-0.7.6.tar.gz.drv
  /nix/store/jdbxfqcclggyafpr2qgai3060map3viw-gts-0.7.6.drv
  /nix/store/b9dfd762p1srqzxbqran6qd350nssjj3-graphviz-12.2.1.drv
  /nix/store/j2zjjny0mwxfsbdfpszv81a10w20pffv-source.drv
  /nix/store/5a85ckvrraxnilh819nq2xlvxx5h0zq8-?id=904949c9026cb772dc93fbe0947a252ef47127f4.drv
  /nix/store/gsbr1srqarzwm5rwa3yj7iq6nc50igsi-gcc-12.patch.drv
  /nix/store/2ykdsqcihg8ai22ff8iryxdh6s83adby-63996e427b4470c7b99b0f4cafb94839ea3670b6.patch.drv
  /nix/store/43nbz1fj0dz8pr5rr7dyzikh7aa3if1n-copy-pkg-config-items-hook.drv
  /nix/store/4lihp4f9yyds6wxnzrkv74cr2d2cgi3k-boost-build-boost-1.87.0.drv
  /nix/store/mfxd0dz49ks52klbphwjrkdcqw8crb91-boost.pc.drv
  /nix/store/zwjcqjn4a9p0zjlz0h368ff6qbizmhcm-icu4c-76_1-src.tgz.drv
  /nix/store/v19fxavih80pypryv3shccscnf0nkfdh-icu4c-76.1.drv
  /nix/store/zbnprshm2s4g3iq7b4xrmbn4wb4f43ci-e7433ba54596da97cb7859455cd37ca140305a9c.patch.drv
  /nix/store/lkbqp4bwaijnf26g8di2dmib17vzp389-boost-1.87.0.drv
  /nix/store/v2y2id5kvlyxamx31rqvpx4c3z51d8as-source-highlight-3.1.9.tar.gz.drv
  /nix/store/q88izhgcysq3v0gadfb5b7f2dh2fzb9l-source-highlight-3.1.9.drv
  /nix/store/iv4by4xsqm92h79dh6jbdd3byzpkfrvn-mscgen-src-0.20.tar.gz.drv
  /nix/store/xbc8vqlfk17aa4i0ch5qcs16xcmgy9yi-mscgen-0.20.drv
  /nix/store/g1l82ysf6kkrsfwfdimyvkv081lm7ivg-libnl-3.11.0.drv
  /nix/store/g887z62j2gdzkv63w9ppy52v63ss3ij4-source.drv
  /nix/store/bzqvakhmjlkhwk8n45yiy96r3wg24ad6-musl-basename.patch.drv
  /nix/store/yxaimc4c19mq9h3bx64qib39n74id5j5-db-5.3.28.tar.gz.drv
  /nix/store/c76xm1dc0p8g7fzija3887n2v149r4xi-db-5.3.28.drv
  /nix/store/dg0pikk7khk09pizf2kqjqdwv847zqx2-libbpf-1.5.0.drv
  /nix/store/j0bbfagb56f490d1qx6rsh3py7n64km0-iproute2-6.14.0.tar.xz.drv
  /nix/store/gnxm0fk4kqjb678zgargg4irkdfdfziz-libpcap-1.10.5.tar.gz.drv
  /nix/store/8dc7xczjrgfmw5wyrn8ln3liv8b9cai0-libpcap-1.10.5.drv
  /nix/store/fbvarbawhbn0nvz2ynas4j7gzdfp3xaq-iptables-1.8.11.tar.xz.drv
  /nix/store/ih2z01cvhdl4vz57605zh2drcn36j3fa-prune-libtool-files.drv
  /nix/store/8hkwkiryf9dvlqm00p8cd1dq8nv11h6s-libnetfilter_conntrack-1.1.0.tar.xz.drv
  /nix/store/ss9kjpygk1j33qlqld8p50q2jfr8540x-libnfnetlink-1.0.2.tar.bz2.drv
  /nix/store/l9v34bymlv50amid7ndj7achsv0zcvx0-libnfnetlink-1.0.2.drv
  /nix/store/js55yskf7zf85nxbkd39rv869y0x5lcs-libnetfilter_conntrack-1.1.0.drv
  /nix/store/c816wpck69w7wk4v9y382b2xgr17bjw4-libnftnl-1.2.9.tar.xz.drv
  /nix/store/rrd5i7l5641ngw5hhrdsdgxc6a0lkqbr-libnftnl-1.2.9.drv
  /nix/store/yh57503l9a8fk6hr53kbnka4mawxgr3h-iptables-1.8.11.drv
  /nix/store/nqmqrpaa2538ljanhqmy3anwn602kf5z-iproute2-6.14.0.drv
  /nix/store/f86vr677yqrsa8nssnwbz9vwr4nssy7b-ethtool-6.14.tar.xz.drv
  /nix/store/vvrfk44qk606n9pw0a7c4f3ljgpwsfsp-ethtool-6.14.drv
  /nix/store/fai6kkfg16n5brxb7cjwryqvdzc9z52l-zlib-0.7.1.0-r2.cabal.drv
  /nix/store/lhb2fk0054qz4zwqpk0yiq80bjwiah8q-zlib-0.7.1.0.tar.gz.drv
  /nix/store/6aa8g508zxcqggkjsz3mpm2gjysazcg0-zlib-0.7.1.0.drv
  /nix/store/ja6mcxjr5x2ci4k3c3vn7rpxl27v8nsa-streaming-commons-0.2.3.0.tar.gz.drv
  /nix/store/43s2vkrca3a6q36cayf4dz3w5gzqls01-streaming-commons-0.2.3.0.drv
  /nix/store/7gl44h2sjf6r82lj0mlbgbxi2fa1wpkq-wai-extra-3.1.16.tar.gz.drv
  /nix/store/545lxpx57hjjxjjj7qn7k3jd7k0dh5z6-cookie-0.5.1.tar.gz.drv
  /nix/store/pa6jbzlpkiqx7xbiqgh0hxz2ff26vm89-cookie-0.5.1.drv
  /nix/store/im3xfafml25ghkixf360h7z8y402rxvc-word8-0.1.3.tar.gz.drv
  /nix/store/sjxkdkqm196js5cvx2hspyw3qv072grl-word8-0.1.3.drv
  /nix/store/c3jnddgsxf57nwhn0h8p9acaln1afs5k-recv-0.1.0.tar.gz.drv
  /nix/store/36hy5g0va52ykv0b0bmsi5sjfw7f9n3l-recv-0.1.0.drv
  /nix/store/46x9g1ndgsd34xldxl53hwrwls22mxhr-http-client-0.7.19.tar.gz.drv
  /nix/store/305p6jg6d4sg1fi985b4almp2b43zhk5-utf8-string-1.0.2.drv
  /nix/store/h5lj32hkqjxi100knr2pllg3a0ps5kph-blaze-builder-0.4.2.3.tar.gz.drv
  /nix/store/qgafyq53rrv3v55phbq33r1rx1c3sv46-blaze-builder-0.4.2.3.drv
  /nix/store/xibzwxb5ganp34nc260nszr2ch49hrnm-mime-types-0.1.2.0.tar.gz.drv
  /nix/store/xygrx912b9xha61avdd5d2irn2bxgm85-mime-types-0.1.2.0.drv
  /nix/store/9srflb6dfb2j0675awgqa4mw3bf45dp4-http-client-0.7.19.drv
  /nix/store/bjkkw7z858qhzfym4i0s0viyli4cqkpw-warp-3.4.7.tar.gz.drv
  /nix/store/3mspfh3chflz8k5gm7cvczwjisjmf7px-689bf9ce12b8301d0e13a68e4a515c2779b62947.patch.drv
  /nix/store/x9y6bl4pig302cad28xz3q10z2sq4hn2-attoparsec-0.14.4.tar.gz.drv
  /nix/store/r9jqlph6bfwgd7w0fvn54707n5dxzrd4-quickcheck-unicode-1.0.1.0.tar.gz.drv
  /nix/store/zafwrfb2ydbs6m2r0g09hvpm6bqr0r7l-quickcheck-unicode-1.0.1.0.drv
  /nix/store/80101k2gg2wy9fsik5qv79y83xafgq5n-attoparsec-0.14.4.drv
  /nix/store/qcgr3rmrb6vchsqn8cj7yk88ylz9rp51-source.drv
  /nix/store/jymng8pmamsqbyia37h4s1ps9adj8px2-bsb-http-chunked-0.0.0.4.drv
  /nix/store/ghc4sj99srkghhzwcwbv6vk24nxb04zx-time-manager-0.2.2.tar.gz.drv
  /nix/store/nacwxhak1ln7mlwh58k8x61hrzhpp3sv-time-manager-0.2.2.drv
  /nix/store/9n5ddjwcnxpl7s89g462spjfzsw71nr6-conduit-extra-1.3.7.tar.gz.drv
  /nix/store/9bbxy5bwvk1i85w6gzy5nn8qqh48s9ab-conduit-extra-1.3.7.drv
  /nix/store/cr03np9a6hcgcf9whl754ypzsh2xdcgg-simple-sendfile-0.2.32.tar.gz.drv
  /nix/store/q42yh4l0pv0x33yvz3cwzba7ad1vgja7-simple-sendfile-0.2.32.drv
  /nix/store/3v0qjvm6595kxychqbiz4qa9222k97bq-network-control-0.1.6.tar.gz.drv
  /nix/store/qffgd9wnkf7ld8pm0k724ybmgd97bbnp-pretty-simple-4.1.3.0.tar.gz.drv
  /nix/store/8bqqsayhfm1pmxxza4kqivnvchy7pxp9-pretty-simple-4.1.3.0.drv
  /nix/store/qgv11fcaglnq5391ri23bhq9kfan59vv-psqueues-0.2.8.1.tar.gz.drv
  /nix/store/bz291j3fxnkx7km1zhz3jjwchfwxcv7r-psqueues-0.2.8.1.drv
  /nix/store/9kqd9kwscf6xpwji8fh43apym974m8kd-network-control-0.1.6.drv
  /nix/store/d67wsh6zhvz09xr8b9l272rk6gl516s9-aeson-pretty-0.8.10.tar.gz.drv
  /nix/store/mvpgsj4qq2msg449fwx2p1zzn3lq1yfr-cmdargs-0.10.22.tar.gz.drv
  /nix/store/drlplkfz8p7gdpzi4dw3yab572c5w3ff-cmdargs-0.10.22.drv
  /nix/store/n21jndfq8kxg30s737dv6vrf2cmb7rgb-attoparsec-aeson-2.2.2.0.tar.gz.drv
  /nix/store/hx9nfsr02f3f89cg5hxyyvzp58arnwjm-attoparsec-aeson-2.2.2.0.drv
  /nix/store/k2qn0c0p5hi9cpsrqdhnnsz6cbbvcw2m-aeson-pretty-0.8.10.drv
  /nix/store/4hv78zmrnpjzgi1hsc7c0aj06vva9xwm-network-byte-order-0.1.7.tar.gz.drv
  /nix/store/nplvhqpzljn3ma5d2z1bnglmc0gr1qfx-network-byte-order-0.1.7.drv
  /nix/store/s2ik428clrfbyq6pg87g73pkg061z4c1-http-semantics-0.3.0.drv
  /nix/store/3zrxicdbj19ic6plcyn6rsspnvr74h04-Glob-0.10.2.tar.gz.drv
  /nix/store/j296kc2h1bqw92k9mncnw49vvjpckwxb-Glob-0.10.2-r3.cabal.drv
  /nix/store/sr5m9xi7s3v0zj05b0k8yiwqqjx1rq7w-Glob-0.10.2.drv
  /nix/store/sy5bhy87fsxka04xlhfhksbdpshmspfb-network-run-0.4.4.tar.gz.drv
  /nix/store/w5m4yp69vsyzjkz1hzwnf41pxrzc3pxn-network-run-0.4.4.drv
  /nix/store/yy494i9nx85z8cf2ggbzwc67h0diksja-http2-5.3.9.tar.gz.drv
  /nix/store/qn1q046l8nprqbl5bllhd3rkv9a26n4p-http2-5.3.9.drv
  /nix/store/6c9lancyd9ja39b5yx80lpfv4577r7c7-http-date-0.0.11.tar.gz.drv
  /nix/store/smidw8zdi211i5hha6xsbsfb254020wn-http-date-0.0.11.drv
  /nix/store/znk2mx03niqkg9sagzvhjfgskpc8628n-warp-3.4.7.drv
  /nix/store/5bj3b3n671h5kv9kiqdnc0mzmxcwj7ak-wai-extra-3.1.16.drv
  /nix/store/2psmsyxdmwww7z9cz7znrg3mign9vyyn-4ba0bac5c118da4da1d44e3bbb38d7c7aef19e3b.patch.drv
  /nix/store/lx7bj7y2vcl24873li9v5znz9dcpwhj4-blaze-markup-0.8.3.0.tar.gz.drv
  /nix/store/vbv9il1bxfl52gnpjz7p6qajq75mqzrz-blaze-markup-0.8.3.0-r2.cabal.drv
  /nix/store/3878hybliihgpdswms5j680k19n943kp-blaze-markup-0.8.3.0.drv
  /nix/store/5464554wgjlrlda7827d09nxyvi1qn83-microlens-0.4.13.1-r1.cabal.drv
  /nix/store/ykpfx1w1m7qgl513xf0l7yg6r0vjzwsb-microlens-0.4.13.1.tar.gz.drv
  /nix/store/b7jard6kvfgansn7yywq4717dnmayrgx-microlens-0.4.13.1.drv
  /nix/store/wi843j17md7x2sxnqrjaafh06jr2hhgn-microlens-aeson-2.5.2.tar.gz.drv
  /nix/store/d3nvvrkipzkbdr7ir62h58h9cr1rsf2n-microlens-aeson-2.5.2.drv
  /nix/store/w88p8vr2s1ralxxqx184vhyrxyh068qc-ipynb-0.2.tar.gz.drv
  /nix/store/wgw1x6c1d8lhz4j970abwxnv9hs2aqdq-ipynb-0.2-r1.cabal.drv
  /nix/store/3lh91kz445fgghli5kbwkq7g1ym8ga4q-ipynb-0.2.drv
  /nix/store/dnr71l0wns1yq3lvab4cc7hnmq3p13al-crypton-x509-system-1.6.7.tar.gz.drv
  /nix/store/7c75hfk4bj60fny3f4001pzmqwv6bm7m-crypton-x509-system-1.6.7.drv
  /nix/store/aipbx1rg7phmy3w8g6j27cjdydanc8bz-unicode-collation-0.1.3.6-r2.cabal.drv
  /nix/store/6myl6l2qh5xy1l9m25d098n2hfgl9bci-unicode-data-0.6.0-r2.cabal.drv
  /nix/store/dvz4cmqfc57dig9a9jabmlkvw81f8cd9-unicode-data-0.6.0.tar.gz.drv
  /nix/store/h3m03s1fyc986r2ba0m0iz7z1pm5qp2w-unicode-data-0.6.0.drv
  /nix/store/j9pdny1hwqgrcfr32nqddkpdkvkyh3pd-unicode-transforms-0.4.0.1.tar.gz.drv
  /nix/store/zlfxwapqlma0njdj5rljs0mak9cknzvn-unicode-transforms-0.4.0.1-r7.cabal.drv
  /nix/store/cvm5nwzdia3xqpbbm83j8sc8sj3gr71f-unicode-transforms-0.4.0.1.drv
  /nix/store/xc372vrfl18sn8x6ikp9yamlb9j23dfw-unicode-collation-0.1.3.6.tar.gz.drv
  /nix/store/7zl1ji17a3anf0mdhh9ff731wv4r69ac-unicode-collation-0.1.3.6.drv
  /nix/store/avqbwdvb51j5ii879yrsc2ilyh1zxg88-tree-diff-0.3.4.tar.gz.drv
  /nix/store/974f9j58m1lw42zrwmlxv10yc4kil8ka-parsers-0.12.12.tar.gz.drv
  /nix/store/gcm1ksmnwvnkpnynvybgbz18zc339srz-parsers-0.12.12-r1.cabal.drv
  /nix/store/c7sz9dymrlryk5aqvf1a64rwqq9mkwc4-parsers-0.12.12.drv
  /nix/store/4w2qv9xwhd10srvlckk79wp8cngrwmvk-trifecta-2.1.4.tar.gz.drv
  /nix/store/mvwwxsw8cblnqvj37ni8gb50p26v7dpm-lens-5.3.4.tar.gz.drv
  /nix/store/2mk9smqypwlvwa3rrvjyyav9l3cz7w66-reflection-2.1.9-r1.cabal.drv
  /nix/store/gjs0xalaqrwbsgxsikv0yfjn45hbzypv-reflection-2.1.9.tar.gz.drv
  /nix/store/v98kfsvy4sjxfivhg01q6245g14k1vzh-reflection-2.1.9.drv
  /nix/store/3khczcbxh53ngyrjb7s8fmivh3qnzvza-simple-reflect-0.3.3.tar.gz.drv
  /nix/store/vqqx6n8n6jnaii5rwmbn2qlrkv8b9idd-simple-reflect-0.3.3.drv
  /nix/store/52vfq40k2132vi3nmj7671zdb22wm4h9-kan-extensions-5.2.6.tar.gz.drv
  /nix/store/phs823r97irh1ff32v16g13vj5k8rm6g-semigroups-0.20.tar.gz.drv
  /nix/store/kwb5vjz2765g0zycxc53ww4w4jgk7ifq-semigroups-0.20.drv
  /nix/store/sc95prg8zfgflmak9lhkgv741n3hb5ra-adjunctions-4.4.3.tar.gz.drv
  /nix/store/h48rvp8vk8qmfib3azz276gqxsr8pdg2-adjunctions-4.4.3.drv
  /nix/store/r64gnzyy38ag8mgkiblrv7lzig00md97-kan-extensions-5.2.6-r1.cabal.drv
  /nix/store/yj0kxmcwv17w0l9gabdjh62g7b2zcac2-kan-extensions-5.2.6.drv
  /nix/store/dfg46j39kd7m9li6l8173mqcqpdp19c6-lens-5.3.4.drv
  /nix/store/h3k3vybzjaya3ws0s6k6wvdv0li6y82i-trifecta-2.1.4-r2.cabal.drv
  /nix/store/dxn1yipvwgincdlkqmy8nkq7qaqy7sp0-reducers-3.12.5-r1.cabal.drv
  /nix/store/zwswy47c13y810b5xwi155hrws3k85r6-reducers-3.12.5.tar.gz.drv
  /nix/store/pg717ydcra8s3zvndyymxsf03cp91865-reducers-3.12.5.drv
  /nix/store/3ddlpy6rv56ijj7f9rv3ckqlghqrgmc9-blaze-html-0.9.2.0.tar.gz.drv
  /nix/store/hkr3jy4cdmn7ms6xm9r9srx6s94kirhi-blaze-html-0.9.2.0-r1.cabal.drv
  /nix/store/wp0nm3s725r39x1gc2a4d1lblhh5vvjh-blaze-html-0.9.2.0.drv
  /nix/store/hd872w03bxwflrmlid1il6g433jpawd4-trifecta-2.1.4.drv
  /nix/store/5f70afx7367xl88918b8q41n6f5nkflw-tree-diff-0.3.4.drv
  /nix/store/hgmlcri6mpx0ijmfjhasqa7hs7y88awb-haddock-library-1.11.0.tar.gz.drv
  /nix/store/jxsdpgc46xngg7888crmkay91sxa51sc-haddock-library-1.11.0-r5.cabal.drv
  /nix/store/80x5hvvfcf73hvfbi1clxx6dsr20q6ab-haddock-library-1.11.0.drv
  /nix/store/w1g925jyrmiynph0wv0056vms8sgmy6z-emojis-0.1.4.1.tar.gz.drv
  /nix/store/l7341l0mkrdrbi55f0axn7lk0snfriy7-emojis-0.1.4.1.drv
  /nix/store/nlq7j7x4d02fyq7ql63cl5pq43xzin58-doclayout-0.5.tar.gz.drv
  /nix/store/vs7q2pv1dx3g9h8gw8xr12dnzmnrdg7y-doclayout-0.5.drv
  /nix/store/yagzm6n4001wsgaqkajp37nq4jwiibnc-djot-0.1.2.2.tar.gz.drv
  /nix/store/8bzqg5djl6hs0fsgna6jsb78di59mdf4-djot-0.1.2.2.drv
  /nix/store/acpmm3wgasfa14rkw4bmpj82xbsfbyl6-http-client-tls-0.3.6.4-r2.cabal.drv
  /nix/store/ah5ri1l4ksrlcmmagls349zqz7kqnwwf-http-client-tls-0.3.6.4.tar.gz.drv
  /nix/store/536w71y4kd2754fcwmlyh78varcfdqnd-socks-0.6.1.tar.gz.drv
  /nix/store/dqb844w5nvygnqm8y330wka2sd8bmvhv-socks-0.6.1.drv
  /nix/store/ysa0p7589i109mrkrcbpyg9pgxa2shcb-crypton-connection-0.4.4.tar.gz.drv
  /nix/store/p29amwy8dirq5sifa2d1vnb3l7ahw3a9-crypton-connection-0.4.4.drv
  /nix/store/ac2jkbcq0pqpsxi83y96a8hhksainid1-http-client-tls-0.3.6.4.drv
  /nix/store/l6ahbn3znnamxmj7zgiy6c5hkpakafm9-jira-wiki-markup-1.5.1.tar.gz.drv
  /nix/store/c0gijpzl430jk3vjmv4il9lk0qbkj2wq-jira-wiki-markup-1.5.1.drv
  /nix/store/7bvklwwdlp7jrd6cj5f5fdph069wqccs-pandoc-types-1.23.1-r2.cabal.drv
  /nix/store/y0dr47i7lypmamw96d9cyqbihyd7i0kv-pandoc-types-1.23.1.tar.gz.drv
  /nix/store/hl4m4jpdq7v0zypa833kqhf128mcw36i-pandoc-types-1.23.1.drv
  /nix/store/bkqnimbbay091dfp799gprhgzvlwrsa8-commonmark-extensions-0.2.6.tar.gz.drv
  /nix/store/v0qs18664zisj5bissbn4qww9i79wzwz-commonmark-0.2.6.1.drv
  /nix/store/nswdy7iwwv1fhc3x33yd5rhrsizj8a0a-commonmark-extensions-0.2.6.drv
  /nix/store/c7ldj3w1wy5zinvf98p93n5bv4nax44g-commonmark-pandoc-0.2.2.3.drv
  /nix/store/hljk90rbsqwafjzhxbxmgm3qa4r30dw4-timeit-2.0-r2.cabal.drv
  /nix/store/zb5fnirf9mkcgc37jqg5nywfyd3icm1w-timeit-2.0.tar.gz.drv
  /nix/store/5825jdcv5fmpx45l2ms4zcr5ak5clymp-timeit-2.0.drv
  /nix/store/awkwx93n6j5qz4kvdpjgjn95vx0cchd7-citeproc-0.8.1.1.tar.gz.drv
  /nix/store/9mk40x6gsblaimd4fgyk6g9d37vzj4mb-file-embed-0.0.16.0.tar.gz.drv
  /nix/store/n20hxzyd1m87gs8qmbr60696gzs0mgvx-file-embed-0.0.16.0.drv
  /nix/store/nr3g13d7y1495g7cgr828ibc2wid2pfw-uniplate-1.6.13.tar.gz.drv
  /nix/store/ygr0ivfffz4kg93ypznd073pfkj5gpb7-uniplate-1.6.13-r1.cabal.drv
  /nix/store/x9l8m6clqibhs9016gx73f6hnihpj4bn-uniplate-1.6.13.drv
  /nix/store/y7ff1jvws9ca4mmjwc5x5w3145rv0a2x-xml-conduit-1.9.1.4.tar.gz.drv
  /nix/store/zg990jvr12amqz118qr774zg01bwihj3-xml-conduit-1.9.1.4.drv
  /nix/store/c9xzhvr1fap8mkj53y4zx8hjk5mxi9rk-citeproc-0.8.1.1.drv
  /nix/store/m19ppy8mijcch0lnvfvcjq4wi1k77fi1-raw-strings-qq-1.1.tar.gz.drv
  /nix/store/f17xhvcsr4sds2x3rzk8k52v7dbk9189-raw-strings-qq-1.1.drv
  /nix/store/l0hxavbckd73439q9qdkiyx9i284gib1-yaml-0.11.11.2-r2.cabal.drv
  /nix/store/rnrqr8dq5r5khlq4lq863k9gyxkyhcs4-yaml-0.11.11.2.tar.gz.drv
  /nix/store/d1qgpakan9zy6imjcxfknm8yax6i6a4r-yaml-0.11.11.2.drv
  /nix/store/9d9x37y7b4psgc8if15n03z7kpi8swmr-typst-symbols-0.1.7.tar.gz.drv
  /nix/store/fc2a7k7ns93p50h8vhbr2fb5g84p0iap-typst-symbols-0.1.7.drv
  /nix/store/fq6mpzzgzsjm5bgj1l9q9sqvr4aapiya-typst-0.6.1.tar.gz.drv
  /nix/store/hvasdfmjzf03abyqfkhxvin0li6sy0jy-setenv-0.1.1.3.tar.gz.drv
  /nix/store/zyjhbw3vsgjf8zilxab5i2j00l1b3nd3-setenv-0.1.1.3-r1.cabal.drv
  /nix/store/j5i1pilqli0jxnviclcf90i9arxwgglr-setenv-0.1.1.3.drv
  /nix/store/mvchm3djmig53w9gdssdwy148qf7v67y-doctest-parallel-0.3.1.1.tar.gz.drv
  /nix/store/qzzqqgb5ha2dwl83cpjyw20q3wz8wpzs-doctest-parallel-0.3.1.1-r2.cabal.drv
  /nix/store/hl5761p8fwf1xyh75njj48ajg74kc7kl-doctest-parallel-0.3.1.1.drv
  /nix/store/mf35i7gsr55dxprv5vfq3ggsc57xcya3-regex-tdfa-1.3.2.3.tar.gz.drv
  /nix/store/xgmrd9602sv1hh9icghfdqjfkavlhgbh-regex-tdfa-1.3.2.3.drv
  /nix/store/3hxyaff889bd7xb0cf35s9nvq2f3g6j0-toml-parser-2.0.1.0-r1.cabal.drv
  /nix/store/mpx2azlidl2cj55ryfziix3i4l7lsz2f-markdown-unlit-0.6.0.tar.gz.drv
  /nix/store/pzz6xkammgsz0yakns9g6g0l48jqlha1-markdown-unlit-0.6.0.drv
  /nix/store/wma32mikmsrqmx22hgm2gi9ghq7sip8k-toml-parser-2.0.1.0.tar.gz.drv
  /nix/store/xnzsw9ds2hn5hl85c8vwgkkfspbqnc37-toml-parser-2.0.1.0.drv
  /nix/store/448dpshbagbbbps34976yrqik4zi3fdy-cassava-0.5.3.2-r1.cabal.drv
  /nix/store/h6fsy36krd28awaj4bqdvz6nlgb46fcy-Only-0.1.tar.gz.drv
  /nix/store/j1mrc4ll2qxi750z3lxj2fbn5idy43i2-Only-0.1-r2.cabal.drv
  /nix/store/gjamhzsaq2r0g56ymr3f6a612ihvjvak-Only-0.1.drv
  /nix/store/p1n1zzzj7szyjsbjzfiwzya7xlxyrqqv-cassava-0.5.3.2.tar.gz.drv
  /nix/store/yadhmgmpgm04k00i0wsqs8b3c00l59lb-cassava-0.5.3.2.drv
  /nix/store/dxa9ii4p41s09j2vd0g3ns4684cqb7fd-typst-0.6.1.drv
  /nix/store/w9kkxi2l6nllcp15spffcsaiiaazz02b-text-conversions-0.3.1.1.tar.gz.drv
  /nix/store/g3vb0g4pla58lk4c6xakv28ksz2xxl9m-text-conversions-0.3.1.1.drv
  /nix/store/50sylrrmm339ip1bgqx2ii4fl3kqi3av-skylighting-core-0.14.5.tar.gz.drv
  /nix/store/izg40zfkpx3yy3madrd81zrfh23b3hpk-skylighting-core-0.14.5.drv
  /nix/store/h3xanykk79cca6pid8mspgn2xcxvy99b-gridtables-0.1.0.0.tar.gz.drv
  /nix/store/lm280m6v2sbzr47g7kisz7n0f92ca994-gridtables-0.1.0.0-r1.cabal.drv
  /nix/store/jnp3pwx176z7kxr4zdmq186wgncpci4k-gridtables-0.1.0.0.drv
  /nix/store/li0dsv1azfyq0cd44q4d5hr25429qigk-e2a0cc9ddaf9e7d35cbd3c76f37e39737a79c2bf.patch.drv
  /nix/store/qnh66gkd8gc7vgrbhvf28frywjj1s8hi-texmath-0.12.9.tar.gz.drv
  /nix/store/n0ah5q8vwlc0cyx1gfgjbc832p272s3r-texmath-0.12.9.drv
  /nix/store/dlbff2s119jcy3bvhrc8wpprp367vjwp-skylighting-format-blaze-html-0.1.1.3.tar.gz.drv
  /nix/store/4yvlcsqbb1kai27nwgdxjydk16gp23y3-skylighting-format-blaze-html-0.1.1.3.drv
  /nix/store/6fcv5f311mc5nwswpfphz0lm2q471zdd-skylighting-0.14.5.tar.gz.drv
  /nix/store/kvnaf1dcc0avn1wffq40nzmigql422xf-skylighting-format-latex-0.1.tar.gz.drv
  /nix/store/9yr7b1nd17x9wh4k4lipygwqgg0mm1f3-skylighting-format-latex-0.1.drv
  /nix/store/nkzj1p7c2jbjvdp8kcqfk877dr3dbnv5-skylighting-format-ansi-0.1.tar.gz.drv
  /nix/store/jbhz1whsq8896ph7n63yj80238c2ssik-skylighting-format-ansi-0.1.drv
  /nix/store/vbsh78ppb5q8a2jjgjdsmk171gwrlkbp-skylighting-format-context-0.1.0.2.tar.gz.drv
  /nix/store/jq9fs19l0fdqj6zn3yvhnmk2ik4px2r5-skylighting-format-context-0.1.0.2.drv
  /nix/store/nd2ic5cxayvfdh15xnpfafc61p5sazpq-skylighting-0.14.5.drv
  /nix/store/vcmk7bxv0ghapvnq1i6433xdvhqrz0ck-doctemplates-0.11.0.1.tar.gz.drv
  /nix/store/q31mp53w7i4iy0zlbiqppad4gzgz6pld-doctemplates-0.11.0.1.drv
  /nix/store/mc19b8il5p6mc2050vywllwzg2jzafs2-JuicyPixels-3.3.9.tar.gz.drv
  /nix/store/qz2z7q7pnqpcrj8l7pwlnzqzwkrxzx9d-JuicyPixels-3.3.9.drv
  /nix/store/m2j22v4ivlhw8v6khjawkbg2dgmvlkgq-digest-0.0.2.1.drv
  /nix/store/nsb6azq0lsg2hvhmf1j0pw9ni395x727-zip-archive-0.4.3.2-r1.cabal.drv
  /nix/store/x335chqyl0fj3m5bip0l7d5zjd3lz65i-zip-archive-0.4.3.2.tar.gz.drv
  /nix/store/v9343mr681cvkv5l6yizrrnmahgc58zk-zip-archive-0.4.3.2.drv
  /nix/store/x7ilgyragqbfd6r92yxkqqxxdzggwkpf-pandoc-3.6.tar.gz.drv
  /nix/store/5pw1mddv8hfh369383n1hvaqhv43jbwm-tagsoup-0.14.8.tar.gz.drv
  /nix/store/xdjrp1kdxsnd8af1blqskqxfn6y0isa9-tagsoup-0.14.8.drv
  /nix/store/bmnvxixknjaxa4vjvlzwdmag0fsknkn5-pandoc-3.6.drv
  /nix/store/kqapyvfy3v0fl1qw10kdn1hc3l46b7kw-should-not-typecheck-2.1.0.tar.gz.drv
  /nix/store/381msm3vr20gss2sipy0zs6k0qa24z6h-should-not-typecheck-2.1.0.drv
  /nix/store/59771k6ncdzi2lxjkkwx8mgx5i4l5hzm-http-media-0.8.1.1.tar.gz.drv
  /nix/store/3sbwwr39nxbg1cbn10g38qqx02ax9f66-http-media-0.8.1.1.drv
  /nix/store/a266k69r8rsg5vs99mpmixjksxfdky3c-sop-core-0.5.0.2.tar.gz.drv
  /nix/store/l9q5r29qkza58ry32nlrggdc3q0wh2zb-sop-core-0.5.0.2-r5.cabal.drv
  /nix/store/4mk08966ma6hh43rgvdk9qdj8jf8czvj-sop-core-0.5.0.2.drv
  /nix/store/6qbxikpd7kngm0iggxj7cjfz675gqj5v-servant-server-0.20.2.tar.gz.drv
  /nix/store/42lk5lshvjn5lj9gi2m0ia07qclj75yg-http-api-data-0.6.2.tar.gz.drv
  /nix/store/8chxdrwa3yfn0ndhlm3aqjvxhk0h82i2-http-api-data-0.6.2.drv
  /nix/store/abx62cqsj619d6mi825jnklf1ylfk3ps-hspec-wai-0.11.1.tar.gz.drv
  /nix/store/9lp52jqx6qj61yk8d8fxvrbc7z9q70y5-hspec-wai-0.11.1.drv
  /nix/store/4cbfm93lwgcjydsnfd8aba8hgm8s399k-servant-0.20.2.tar.gz.drv
  /nix/store/f6h3p5w1dagchg4jnq8nnmz18gjdj022-some-1.0.6.tar.gz.drv
  /nix/store/vr2ci06w03vfcs24zk1fd0k438k2gbkr-some-1.0.6-r2.cabal.drv
  /nix/store/4bj19vm1xg9mqvmy39hjh1ii5mv9a6xl-some-1.0.6.drv
  /nix/store/gzrh6sdg3bzdylra7dcmj7spq2b5l24a-singleton-bool-0.1.8-r1.cabal.drv
  /nix/store/6ij23c2s9qvwp90qkz4nfki2ykchjfw0-dec-0.0.6.tar.gz.drv
  /nix/store/m1rbzn5zi77nbfd9mrykcki0y9aghqq3-dec-0.0.6-r1.cabal.drv
  /nix/store/i9aw6k88iqax49lhd55wrv4zr6rzr6ix-dec-0.0.6.drv
  /nix/store/j8b32sxfvws5qsihbbqhh39005bncpxm-singleton-bool-0.1.8.tar.gz.drv
  /nix/store/xaz363csjjvzj8aszxbj24j17sdsqyvg-singleton-bool-0.1.8.drv
  /nix/store/gcrfb8jbdlp8icg9h7h5dzb8nnvps1pk-servant-0.20.2.drv
  /nix/store/n0fxc8j1nrj9dwqmp4smjc4bd4n96fdj-wai-app-static-3.1.9.drv
  /nix/store/wf89p8ffzxl66ysy79xypxd1gv726aq1-servant-server-0.20.2-r1.cabal.drv
  /nix/store/d2vn4ai2l9f8qf5rkwklgr7xq5jvrnag-servant-server-0.20.2.drv
  /nix/store/gpc69qhmh09svr0jfav54nk9nzkn8680-pandoc-server-0.1.0.10.tar.gz.drv
  /nix/store/8v80jrcj1y6505bxk45bnnfhpx3hhwr8-wai-cors-0.2.7.tar.gz.drv
  /nix/store/myaan0q8psjqq36fwdkjqxi5n45rpa8c-wai-cors-0.2.7.drv
  /nix/store/nsd4rl4npzqkpscf4snkihv6hhkwq60z-pandoc-server-0.1.0.10.drv
  /nix/store/3aahcqyj7ccxk7880am5p68q1xyhg1i1-hslua-module-text-1.1.1.tar.gz.drv
  /nix/store/hacwly6wi2qjc55595ihs028is777dkd-tasty-lua-1.1.1-r1.cabal.drv
  /nix/store/vc20xn35ghbi7hwijc1jcxkc8c66h4jm-tasty-lua-1.1.1.tar.gz.drv
  /nix/store/dz1v8d1xd3bf6rv55wla4p6vkycpbch5-tasty-lua-1.1.1.drv
  /nix/store/5kcs6i58fq6x3qxfz80m5pbpaywykrxs-hslua-module-text-1.1.1.drv
  /nix/store/giiydz23k6a145j3ix488y0qiz2kabjk-pandoc-lua-marshal-0.3.0.tar.gz.drv
  /nix/store/b88kh29wll8ac48hbg43d8vxkcfy30l0-hslua-classes-2.3.1.tar.gz.drv
  /nix/store/9hw0bcy2cnfqj758xyah8dn3983x6cpz-hslua-classes-2.3.1.drv
  /nix/store/9nq7qd18ks4wvv6x8znm04axhr3gxrnr-hslua-2.3.1.tar.gz.drv
  /nix/store/xqg47iwngpq5if1vxva3k1wfhwwsznh1-hslua-aeson-2.3.1.1.tar.gz.drv
  /nix/store/ahwql3p7nq5w66y843dw519j4gpay3w4-hslua-aeson-2.3.1.1.drv
  /nix/store/vhh09pnyw285szq7zy3495w8spmp0hqz-hslua-2.3.1.drv
  /nix/store/zlk8gwag1zrbv83907wij4969kchfk9z-hslua-list-1.1.4.tar.gz.drv
  /nix/store/x46yyhmbbrds12ba26k992a2jv5zvzay-hslua-list-1.1.4.drv
  /nix/store/61w8a9lm119mdwb9m1fqkvjhpj02lccz-pandoc-lua-marshal-0.3.0.drv
  /nix/store/a04z94ybf9vcm5bdbmqf4jvwfqh9gx0a-isocline-1.0.9.tar.gz.drv
  /nix/store/4kps2d00j88bybfplxyc7id9ixj7hhdj-isocline-1.0.9.drv
  /nix/store/w70c2y41r9fpp16r0824ins8idjf6isv-hslua-repl-0.1.2.tar.gz.drv
  /nix/store/d9pkaqwfls9n6sw7vvghjd8h1vwzsf81-hslua-repl-0.1.2.drv
  /nix/store/h6nv0r7484q7syrfqxa94vavv9n7v5xs-pandoc-lua-engine-0.4.1.1.tar.gz.drv
  /nix/store/iml3ffn0y7hqkv71hzqjw9akvbzw4my4-hslua-module-doclayout-1.2.0.tar.gz.drv
  /nix/store/jl6z6jacbl9kbhpkx3s4hkval2vw0r5s-hslua-module-doclayout-1.2.0.drv
  /nix/store/7j2vry0nc1ldvb795yryifg4vc44046l-hslua-module-zip-1.1.3-r1.cabal.drv
  /nix/store/kccacd8ywgjkpr6m9kg3mfskxwh935i2-hslua-module-zip-1.1.3.tar.gz.drv
  /nix/store/si6si86wqxbvb8n03f6p81sdvm5kr23y-hslua-module-system-1.1.2.tar.gz.drv
  /nix/store/z3jg5ib53dym3h2cjc4k2sw5inpzm6ik-hslua-module-system-1.1.2.drv
  /nix/store/vradfrw7141wqqg9hdmwkaxzwlxamk05-hslua-module-zip-1.1.3.drv
  /nix/store/4k2gm8bv1z0r82cl6gy58dfsg1g9xapj-hslua-module-version-1.1.1.tar.gz.drv
  /nix/store/zmipx153j0z829zz1dbrma9qy1kv02bj-hslua-module-version-1.1.1.drv
  /nix/store/rpkhlypdlmm0hsdqlsvbd1c1f4bhsxl1-hslua-module-path-1.1.1.tar.gz.drv
  /nix/store/zpk3ka1xmw720ljraran102lqy03q9la-hslua-module-path-1.1.1.drv
  /nix/store/p1jyis4s8vfjcq1kpjbf06dc9wfl606l-pandoc-lua-engine-0.4.1.1.drv
  /nix/store/yxzm78q28fylssyss76imrx6v9x9bljv-hslua-cli-1.4.3.tar.gz.drv
  /nix/store/y086kfmb22sqcj9lvh5lvsxizyrc0nkm-hslua-cli-1.4.3.drv
  /nix/store/yn10kkkvvlij5zn10pv8bvxhmnr5xv48-pandoc-cli-3.6.tar.gz.drv
  /nix/store/xzp3r24mcjy62p8gnhz7mplchxd2vm7c-pandoc-cli-3.6.drv
  /nix/store/2g6fk0z5hrdnk5vbjz184kqhkkpcpvly-rdma-core-57.0.drv
  /nix/store/2ggadrgjdn679flyinbacki7kspvnb1n-xcb-util-cursor-0.1.5.tar.xz.drv
  /nix/store/plq7g9kw8f7fvbf4j0xd590b96xfgxai-libXcomposite-0.4.6.tar.xz.drv
  /nix/store/49jigympszp0sfx1sq3gcbcfinvpz3x5-libXcomposite-0.4.6.drv
  /nix/store/4q1rbqnjssrxq6izzj57m9b18dqbpw4h-source.drv
  /nix/store/4ripwgpxa92rhd020ik6fgxm2qnvlx87-wayland-protocols-1.44.tar.xz.drv
  /nix/store/66kxqbcklnbhvc0jjkbj4grp5d63q4w1-source.drv
  /nix/store/69had03wsywn9m9ngfpnzirz885c5qhw-libxshmfence-1.3.3.tar.xz.drv
  /nix/store/925cbk3p74v2p4kfwi5fag3h5ib82hj7-graphviz-12.2.1.drv
  /nix/store/ayznw5nqgphmsvz82biw5g4adqvk9qiy-wayland-1.23.1.tar.xz.drv
  /nix/store/rijcpc9p9v73j7hi69xzcp90a33hrv00-wayland-scanner-1.23.1.drv
  /nix/store/m60dp53ns1dcsrjn89qgnl8ywx9717l1-wayland-1.23.1.drv
  /nix/store/i8mxfyqca4ll9g8y4xh5jg747m46mjhl-wayland-protocols-1.44.drv
  /nix/store/z042gjbxniq01hzz34ih648ch3dqz984-source.drv
  /nix/store/7xywmqlkn1nb5hc6z1mizwspsl4hqz08-libxkbcommon-1.8.1.drv
  /nix/store/8fsswdsiy18yns7qqk8rdxb4nxpr5p0l-libxshmfence-1.3.3.drv
  /nix/store/dy0vn0ca59b4qfp68m821kqdz6yh32bq-large-file.patch.drv
  /nix/store/p0q3mv2mk8j1k2kl02yack7bdzr27grc-add-driver-runpath.drv
  /nix/store/b64wazzwwbsigbyni3rrhvj6gzz64nxd-libglvnd-1.7.0.drv
  /nix/store/iynfs2mv2xhrg11ypf8rx9sbkb1n8q26-libXi-1.8.2.tar.xz.drv
  /nix/store/iig59bqxp6ywwkyvfjj0lg2ra4y0g6gc-libXi-1.8.2.drv
  /nix/store/nvailmi0w7w789p2yswlpv4f4j2p89ln-libXrandr-1.5.4.tar.xz.drv
  /nix/store/j61brlwd1q5aw31qd4jaxyzmaxkf29yq-libXrandr-1.5.4.drv
  /nix/store/cc25asrv7w6b73cp7s8ln49s683jp6i7-libXdamage-1.1.6.tar.xz.drv
  /nix/store/nd1i8gll6bd6xah53n34b493v4bmzjmc-libXdamage-1.1.6.drv
  /nix/store/g9jg2xps0p3clparsqsqqkwk6pa60sjf-libXtst-1.2.5.tar.xz.drv
  /nix/store/qxm66vgzrmb2wg23ijp7y23d53pm7piq-libXtst-1.2.5.drv
  /nix/store/wc094a6f3dfh6bpmjrp0pnc4m9arkmwb-xcb-util-cursor-0.1.5.drv
  /nix/store/gawsz4pnkiiwmccabpv02sdif3pv85cv-use-appropriate-march-mcpu-mfpu-for-ARM-test-apps.patch?id=b7a9250590a16f1bdc8c7b563da428df814d4292.drv
  /nix/store/jkzb95r2cjja17xbwypxx9shxj4zkavm-elfv2-ppc64-be.patch.drv
  /nix/store/l2pyxjg895dajqnx9ml3wyc28906hsnw-valgrind-3.24.0.tar.bz2.drv
  /nix/store/y6s99grnzkg8fpzgrakdkcha3k7q2mmg-attachment.cgi?id=148912.drv
  /nix/store/c2l5nwnmk5ng8hll2ajrqm5aflpmnb6g-valgrind-3.24.0.drv
  /nix/store/hqrk067bkl2ajvi2x48ysihy8z2mf0lc-source.drv
  /nix/store/7520pjjlam1nch3n9fdzfkg981biagb2-hwdata-0.393.drv
  /nix/store/yr7aarj37zfqfz7a91gvq1swrf56vh98-libpciaccess-0.18.1.tar.xz.drv
  /nix/store/rf94awvrm0j1cwqkhfig96l4zhz7145x-libpciaccess-0.18.1.drv
  /nix/store/vz2lv67j55dzvmdsmvc0992ipj43wdyx-libdrm-2.4.124.tar.xz.drv
  /nix/store/x3vdg3hjf7hayzsk5mippji9z7pdy3np-libdrm-2.4.124.drv
  /nix/store/gayga0d7g1sqwk69cb13mkdy2gqi6aj2-docbook-xml-4.4.zip.drv
  /nix/store/c04ib39cs42alpv782cd985jjhl7y051-docbook-xml-4.4.drv
  /nix/store/jb06r6ks7ijs9akfwzzzcb9x0jj81scm-systemd-minimal-257.5.drv
  /nix/store/lzhyhb7d3f71hcxkzgv8k1avnfh0hb63-libapparmor-4.1.0.drv
  /nix/store/vyy0kvv1r2sgzqwqjqhdpb9vn8zsmbcr-dbus-1.14.10.tar.xz.drv
  /nix/store/y4g55kwab9a65zsyw8rkarvgq2xw0pqz-dbus-1.14.10.drv
  /nix/store/6jyrdr297r7f5q4ms73pwc049rkr8bjk-nvidia-hpc-sdk-25.5.drv
these 12 paths will be fetched (0.00 MiB download, 460.31 MiB unpacked):
  /nix/store/wgf7k3zar37x64nmkqwbb3zfg032xh1s-Python-3.12.10.tar.xz
  /nix/store/lmc2c16s6sx7gyjaqm9pvvq5x5bnrj2l-bootstrap-stage0-binutils-wrapper-
  /nix/store/ka59r06khfr7bx72d8b1rxgac0sg6795-bootstrap-stage0-glibc-bootstrapFiles
  /nix/store/jlq5j4v8142021g7m4gmnydwc5fvy4x1-bootstrap-stage0-stdenv-linux
  /nix/store/7b3xwdb1lxlg9pzirzvq8p95iyj55mjq-bootstrap-stage1-gcc-wrapper-
  /nix/store/razasrvdg7ckplfmvdxv4ia3wbayr94s-bootstrap-tools
  /nix/store/4w2r6m8y6bw50jrrcxfyhi5ax8cpmal4-gcc-14-20250322.tar.xz
  /nix/store/whgzrixh2jwgz9bydmfsm3kx6a9szajl-gettext-0.22.5.tar.gz
  /nix/store/l66b2j7crhj29wk7sx4nycbq55np9fvh-glibc-2.40.tar.xz
  /nix/store/565rd6i8ly5z3gvmy9vml21ilqdc4q1l-linux-6.12.7.tar.xz
  /nix/store/6chbjj7ch6ysf5nvlxgda543f5mzi2xc-openssl-3.4.1.tar.gz
  /nix/store/4b4l8a41cvmz9z871gkc4jjpifxs8n8n-perl-5.40.0.tar.gz
copying path '/nix/store/4b4l8a41cvmz9z871gkc4jjpifxs8n8n-perl-5.40.0.tar.gz' from 'https://cache.flakehub.com'...
copying path '/nix/store/6chbjj7ch6ysf5nvlxgda543f5mzi2xc-openssl-3.4.1.tar.gz' from 'https://cache.flakehub.com'...
copying path '/nix/store/razasrvdg7ckplfmvdxv4ia3wbayr94s-bootstrap-tools' from 'https://cache.flakehub.com'...
copying path '/nix/store/4w2r6m8y6bw50jrrcxfyhi5ax8cpmal4-gcc-14-20250322.tar.xz' from 'https://cache.flakehub.com'...
copying path '/nix/store/565rd6i8ly5z3gvmy9vml21ilqdc4q1l-linux-6.12.7.tar.xz' from 'https://cache.flakehub.com'...
copying path '/nix/store/l66b2j7crhj29wk7sx4nycbq55np9fvh-glibc-2.40.tar.xz' from 'https://cache.flakehub.com'...
copying path '/nix/store/whgzrixh2jwgz9bydmfsm3kx6a9szajl-gettext-0.22.5.tar.gz' from 'https://cache.flakehub.com'...
copying path '/nix/store/wgf7k3zar37x64nmkqwbb3zfg032xh1s-Python-3.12.10.tar.xz' from 'https://cache.flakehub.com'...
